Sample_name,proc_dist,centroid,LM 1_X,LM 1_Y,LM 1_Z,LM 2_X,LM 2_Y,LM 2_Z,LM 3_X,LM 3_Y,LM 3_Z,LM 4_X,LM 4_Y,LM 4_Z,LM 5_X,LM 5_Y,LM 5_Z,LM 6_X,LM 6_Y,LM 6_Z,LM 7_X,LM 7_Y,LM 7_Z,LM 8_X,LM 8_Y,LM 8_Z,LM 9_X,LM 9_Y,LM 9_Z,LM 10_X,LM 10_Y,LM 10_Z,LM 11_X,LM 11_Y,LM 11_Z,LM 12_X,LM 12_Y,LM 12_Z,LM 13_X,LM 13_Y,LM 13_Z,LM 14_X,LM 14_Y,LM 14_Z,LM 15_X,LM 15_Y,LM 15_Z,LM 16_X,LM 16_Y,LM 16_Z,LM 17_X,LM 17_Y,LM 17_Z,LM 18_X,LM 18_Y,LM 18_Z,LM 19_X,LM 19_Y,LM 19_Z,LM 20_X,LM 20_Y,LM 20_Z,LM 21_X,LM 21_Y,LM 21_Z,LM 22_X,LM 22_Y,LM 22_Z,LM 23_X,LM 23_Y,LM 23_Z,LM 24_X,LM 24_Y,LM 24_Z,LM 25_X,LM 25_Y,LM 25_Z,LM 26_X,LM 26_Y,LM 26_Z,LM 27_X,LM 27_Y,LM 27_Z,LM 28_X,LM 28_Y,LM 28_Z,LM 29_X,LM 29_Y,LM 29_Z,LM 30_X,LM 30_Y,LM 30_Z,LM 31_X,LM 31_Y,LM 31_Z,LM 32_X,LM 32_Y,LM 32_Z,LM 33_X,LM 33_Y,LM 33_Z,LM 34_X,LM 34_Y,LM 34_Z,LM 35_X,LM 35_Y,LM 35_Z,LM 36_X,LM 36_Y,LM 36_Z,LM 37_X,LM 37_Y,LM 37_Z,LM 38_X,LM 38_Y,LM 38_Z,LM 39_X,LM 39_Y,LM 39_Z,LM 40_X,LM 40_Y,LM 40_Z
JAB_LM_1170,0.02896144077591675,0.46393440333149477,0.013624326273566112,-0.04884872161783279,-0.02043559420853853,-0.009581778250867505,-0.04992720154114068,-0.02068471182137728,-0.0009519886749330877,0.03511130488477647,-0.03159473109990358,-0.0037189778464380794,0.0204955158289522,0.10843039285391567,0.046973084978526466,-0.027411303902044895,0.006536997668445115,-0.043818930216366424,-0.03088865377940237,0.005628965608775611,0.03159681888646447,-0.020079705351963642,-0.038441602326929565,-0.029319681279594077,-0.02444911324419081,-0.04248651321977377,0.0640504452807363,0.04459596849046647,0.03937087934464216,-0.072170553781325,0.05507754213176669,0.03896023314446209,0.015338812902336947,0.05516437864862382,-0.033250561170279976,-0.017552387021714813,0.05478666401468218,-0.033591436408460136,0.04783674138016068,-0.029281671578064564,0.015177227370440962,-0.045841151900822295,-0.03294502520002425,0.013297028653323642,0.0516850705666002,-0.027702386910095814,0.01938597839325667,-0.048735419340664526,-0.032495848322287205,0.01847574841231107,0.04784517916268669,-0.02854186245240271,0.03858376275748014,-0.04618292493396439,-0.03238359787501395,0.03536318968981503,0.0024716504325624465,-0.05511785899288953,0.028300858847796914,0.052763169578975075,-0.015920426184311512,-0.002224706299602978,-0.05167717678123154,-0.01781400614418089,-0.0033832529559731533,-0.006934717349940916,0.12636111355386676,0.0643188877031207,0.025194467924302445,-0.04265680485405029,-0.003558810986578462,-0.02271652413182892,-0.04402676546014846,-0.004978437162935737,0.03517934115952812,-0.043241491029039035,0.02762287836521864,-0.029545178689295435,-0.046291406685486446,0.024683885090053075,0.05206531839794481,0.04948836243711412,-0.03790481965988873,-0.05516464454703964,0.04855861938558519,-0.03803928587585688,0.007734292600071056,-0.049074854189530025,-0.02766652051359415,-0.005213745922083038,-0.0492919194046408,-0.027623776532709598,0.0031795366143342043,-0.0523044424597174,0.018446415476500985,-0.004305510368430986,0.13776574707590045,0.027771048061549668,-0.0018346026132348872,0.07743987119756639,-0.03182590398937463,-0.005421687901252876,0.11715817130170764,-0.020063217915594567,0.05485579179949128,0.040047754114493725,-0.006249819137155998,-0.05808993620448746,0.034841079777106654,-0.00630979258567095,0.0032927784544881434,-0.05886406493373216,-0.04606615584343672,0.0025184086465742427,-0.053790094750002036,-0.03358639609068632,0.06161679508513772,0.010089275008067488,-0.009012464620172968,-0.06104451236897149,0.0063678590115159835,-0.011375867016613488
JAB_LM_1353,0.024038329114028506,0.4638107399154075,0.013096373362696161,-0.04642911647334317,-0.017634143940244013,-0.01069737829884547,-0.048776189016132315,-0.018911256773893364,-0.0008295351074353509,0.034534583131711254,-0.02998540917908404,0.002685899399844859,0.018820083747650637,0.11397652330724364,0.04916458463025684,-0.026224859208264496,0.007515367144641563,-0.04720500606371572,-0.03155109866312908,0.006213969777051895,0.0313088039924969,-0.01563232543904411,-0.03947806719087295,-0.02951134390270536,-0.017672453557610195,-0.043844806481126326,0.06938933304361171,0.05045379306079498,0.041793536358627106,-0.07390532319833906,0.04758733647086966,0.03990650938897183,0.01356212306842771,0.055319175351622264,-0.033706078975673,-0.018358731314024396,0.055100825849267225,-0.03415711573247231,0.049589998114979175,-0.030579613183109356,0.01752148634529467,-0.047569240151190594,-0.035640792651208654,0.014352314064243445,0.052084443621947904,-0.02840666855114019,0.020004680460737057,-0.05067607087396582,-0.033790646093657666,0.018348369049539435,0.04903526712528497,-0.03124980871145406,0.0301671020155989,-0.04714242195161552,-0.035888209831217384,0.032739070589235454,0.0013795804483435286,-0.057279078016321296,0.02868540951457836,0.0564969057945291,-0.013962059452486537,-0.0006754855638323509,-0.05517484426505713,-0.019798335634124836,-0.003255529094001156,-0.005933253361037507,0.12272255067123647,0.05764785074305593,0.029001567652902474,-0.041258218766568905,-0.0026156712379936348,-0.027658656939702368,-0.04394884576398952,-0.006377878102239173,0.034205468342748985,-0.043745307251338454,0.02731571631395999,-0.03390807665806296,-0.046870385303371384,0.025172557038440707,0.05270891132480294,0.05031754552644066,-0.03263666704384081,-0.05372472970741327,0.04664412348842215,-0.03882539625841972,0.009536669920864068,-0.04514575746116964,-0.02462515818582276,-0.006892526248672597,-0.046020998798468424,-0.025555810411478398,0.00150753368754706,-0.05491503472381967,0.02132757973359621,-0.0027883435637959587,0.12887890620290784,0.01665947719758813,-0.002656866596718177,0.07371562392812729,-0.035057823218560276,-0.0015598203791824328,0.11642078517179436,-0.018989406800306776,0.057860208304553164,0.04279017272222562,-0.005690576174078879,-0.06118765871821132,0.037709824046623,-0.00800210446137393,0.003475410248208581,-0.052795034034470854,-0.04706371258797386,0.002436866262544996,-0.05161838568324589,-0.035868806430944214,0.0650518274728247,0.01044902905665499,-0.006216832954631035,-0.06619794851972481,0.007734863842337622,-0.010173782243541325
JAB_LM_1575,0.035538003157465047,0.4545998600481055,0.013589329792996836,-0.04498151246501778,-0.02066065555565277,-0.00831836870517299,-0.0456716328594992,-0.021895616906627967,-0.001487977917772766,0.03896580669061714,-0.028881406797970886,-0.006645342130511703,0.019984214349637878,0.11078364594599026,0.051502806966880435,-0.028148644603950116,0.007908819347284907,-0.0492071893348545,-0.031876882328628654,0.0061910949865954,0.03411452956140639,-0.016936952188970778,-0.03948057324310978,-0.026829787381843703,-0.031069742118442205,-0.04570239685338736,0.06469927539889864,0.04651402928441246,0.03673594768345271,-0.07108468865715567,0.05248774611201162,0.04742662017496066,0.011896358146624687,0.05594008630808941,-0.030892690109114006,-0.017015459795667893,0.055094947291993115,-0.030487313009628713,0.04972749231270473,-0.030814790306911186,0.01861761917613871,-0.048753673288904786,-0.03462537321859038,0.01731547136933556,0.05249153774627582,-0.027826263948102045,0.021451053791268763,-0.051316973296887364,-0.030323274605951626,0.01972175975947205,0.04694384449096746,-0.03120267373192727,0.03184405353727342,-0.046469520611674656,-0.03253967622383785,0.03145150911379475,0.0004233509489223335,-0.05419254831775012,0.0262325453429934,0.05618040424012806,-0.015747248774120433,0.0006824065593439538,-0.053475199160719564,-0.020138880896911838,-0.0009544234018732427,-0.003835745474030719,0.11437973942671292,0.0648387951499158,0.02936589882480739,-0.04046068360841428,-0.005681549432526141,-0.027294714337250014,-0.0425963195009247,-0.007971756616963671,0.03443815490414877,-0.04220335253063076,0.027255196132811393,-0.03308161328485563,-0.04447891667577663,0.026863724634116428,0.05290973875274466,0.0516196817656407,-0.03666407106295375,-0.055296600957274344,0.047125880578076346,-0.03751506100269562,0.007774689035066068,-0.04344555475064669,-0.02724974177301683,-0.0018115888682758807,-0.04385502932686112,-0.02801502537810061,0.0019369269236797727,-0.050140449058756,0.01984523510336841,-0.003836813102310579,0.12303872423697874,0.00010933692916394241,-0.003136031281250443,0.07512572357049904,-0.029915898813307,-0.0026283412527571114,0.11022808301685198,-0.01524684313643334,0.053681973239064054,0.041334719727837074,-0.007443017854754238,-0.057865062462014755,0.036969287156633425,-0.008112117866173201,0.004228960355562064,-0.05295382980391039,-0.0464152879257587,0.0032397361915866224,-0.048412389859030465,-0.03191820642107655,0.0640811841625762,0.00764968753018482,-0.005733397445683201,-0.06383550069385595,0.008184264657385825,-0.008437784130472976
JAB_LM_1601,0.02722606932794147,0.4622457189298157,0.013247922854127589,-0.0496043576984848,-0.021810113980603257,-0.010403576477614532,-0.05020824878393419,-0.02128714221034363,-0.0007236420093377159,0.037304453014125744,-0.030250664625594743,-0.004136673550988064,0.017238924971525557,0.10653440754110727,0.04968843183379062,-0.02712829280200319,0.008111271304797944,-0.047036358823848386,-0.029421730561127627,0.007022749982375931,0.034000844315754855,-0.01863623884237177,-0.042315080800212235,-0.03039586036512495,-0.0259391831534823,-0.04433717180413487,0.06587379482065149,0.05037013760701106,0.03136393266994317,-0.07378622538138183,0.04981886463208476,0.027800485131240147,0.01751055204766733,0.059309123385401036,-0.03492562073908662,-0.018838198568057987,0.05742163180137535,-0.035360262243630286,0.050601057042849965,-0.03091746747658563,0.019075877557146584,-0.04742640379498463,-0.03235083128695988,0.017836342525107986,0.052717637353673706,-0.028030496580415367,0.02255807930218561,-0.05070132629994697,-0.030871293540271516,0.021024472366680633,0.05068730738003316,-0.029754812006451484,0.032322374584341895,-0.048866813392910574,-0.030435739579826194,0.03366645805941705,0.002187771405505638,-0.052089248330297086,0.030688884554199727,0.055201985428608685,-0.014973777600616137,0.00047864734987325386,-0.05369061332950378,-0.018996683217457875,-0.0005716737717013236,-0.0042890150554778525,0.12058633841207692,0.05868668643888259,0.02733378199189963,-0.04105376704902426,-0.005657998179894204,-0.027630977893426667,-0.04184420751841621,-0.007125115312163201,0.03447984393800587,-0.04159353241620656,0.027952413101713643,-0.03424469052967379,-0.042280674803038744,0.02883150839927346,0.05419413541215447,0.05156602287230681,-0.03185668441352318,-0.05718534735651507,0.04899384192641284,-0.03285466383806354,0.008430442746085185,-0.05075940490753982,-0.028385522867832854,-0.0044980776423031435,-0.05090279964666428,-0.028690856567371102,0.003777811273077742,-0.051200365446030155,0.02343298233455746,-0.00560416225092757,0.12560392640263754,0.03440211627483552,-0.00225243161760201,0.07918810783394777,-0.036961482054563156,-0.0001859597252407898,0.11069432988697009,-0.017675054531819466,0.055826256601900805,0.03988084767433953,-0.006662058855273471,-0.059810328970134094,0.037655992126313584,-0.00728007236098575,0.0028904992447733794,-0.05725406786495743,-0.046250213953831616,0.0026056167741524533,-0.05520180265257748,-0.037248440106851924,0.06325804605936881,0.014666461402025759,-0.006670876874919703,-0.06280705548908096,0.0011500198161856255,-0.007612919385279687
JAB_LM_1882,0.03966053587483466,0.46953471697415955,0.014643158618331792,-0.045349305100870034,-0.023538555986045217,-0.009535311901038353,-0.045727880253032975,-0.023433881488793572,-0.001032987661766288,0.0328541902347945,-0.031922722222897645,-0.005530987487665893,0.020987181329017286,0.1127276254788698,0.05133221338668117,-0.030689204153977682,0.010918832516384753,-0.04677034257366839,-0.0322484383646477,0.00913893666416679,0.03341713370121129,-0.016015680831052728,-0.042747579093127784,-0.03171952955767988,-0.019655224565834142,-0.043252515569026644,0.06529941374451971,0.052089173077742704,0.04413200681143768,-0.07291359084703862,0.05354952405373679,0.03685283319656716,0.015974490804931123,0.05371266534244389,-0.035472485444131154,-0.019743164205107473,0.05386352360891499,-0.034394011739121266,0.049956730561666905,-0.033923732767349134,0.017539441684064544,-0.046574453142475956,-0.03414213232887232,0.014468140743681636,0.05329347206212636,-0.031953973480948604,0.02069179527094503,-0.0507318405270742,-0.0330320908738016,0.017879515456860277,0.045067791114092426,-0.03710046816628796,0.037713760568648814,-0.043017233588746484,-0.03738949105376909,0.037904456242590846,0.0034678098654898105,-0.053877790126398685,0.03182845248615609,0.05799576053708854,-0.015097783018875625,0.0025916142792342324,-0.056224081196100596,-0.01746615292268138,0.00332832968168333,-0.007052608252966239,0.12681072055247009,0.047008209032530744,0.029847041742258038,-0.03961039337694791,-0.005429869445722067,-0.02638455608916892,-0.04198545409603857,-0.005683527113282859,0.03234224011133077,-0.045961910323063265,0.02772528089227889,-0.029683140401419675,-0.0465944396369831,0.026136867156842918,0.05690893340014455,0.0482999270367477,-0.029789089429389876,-0.06157611462745747,0.047018145812915906,-0.029785080251082015,0.00929354689109664,-0.04471667098352188,-0.03460274360826871,-0.004562956642253412,-0.04507850385555841,-0.03389817877420817,0.003548551441859106,-0.05003593560923921,0.020909175374683907,-0.003732209336232873,0.13099220409789503,0.006270751666095275,-0.0035279368249756843,0.07044084195011283,-0.036738791665682176,-0.0006283572881738048,0.12825231419270045,-0.0014688070784196166,0.05552418938920588,0.04080741370238051,-0.0064868922611328005,-0.06231289184990327,0.03747034386741917,-0.0044662909104452265,0.0031053452093874985,-0.0534324587664372,-0.05311866770781488,0.002652007768872338,-0.05181316785771514,-0.039620767474094626,0.06553911427901248,0.005473185139673085,-0.005214904554694496,-0.06595465062839294,0.0002769285149394703,-0.004700663386341942
JAB_LM_1892,0.03198807252937061,0.4451995013350628,0.012234051866656527,-0.04247433665669656,-0.021426063013932975,-0.011333071587316003,-0.0428180940441842,-0.019484237315177226,-0.00023584378762109523,0.03472252439469008,-0.029054159627358245,0.0012017535058638912,0.02058751586888772,0.10879003184770406,0.04653620661171428,-0.028220707889032998,0.007974877606690297,-0.044507666713975526,-0.03184590755244561,0.003865859162962461,0.02943400715311173,-0.011414911719720507,-0.041351115736127715,-0.027036972126440385,-0.01739270685045495,-0.04328469704252973,0.06273546800666203,0.04797405228353747,0.03450954934738624,-0.0685128309596241,0.04943225470394136,0.03480136351015271,0.014427728203146693,0.055787984183504814,-0.032129662596559236,-0.016287053815730902,0.05506373298190468,-0.03300877306622916,0.04660156688716045,-0.03127177644103406,0.016101480960983173,-0.04383719184693223,-0.035519033575168876,0.015598884705954033,0.04957727708324718,-0.03101065774808957,0.01946557441542583,-0.04632600558674722,-0.03458921344818514,0.0196948594092453,0.042493287064072696,-0.034703072390191714,0.03632138953073847,-0.04068145128041164,-0.03650217436399738,0.036367369657757935,0.0020594893153912763,-0.05296161382524935,0.030731309614498745,0.05254954241630416,-0.01673756182048151,0.002068079506841119,-0.05117593497950496,-0.020677151273967416,0.00038285556487169844,-0.014051429852812852,0.120462865215942,0.05485359460386062,0.025265513473419998,-0.0377722565527095,-0.0030611765349275698,-0.021406750664247062,-0.0397466732964928,-0.0034198015934217493,0.03263208534200024,-0.0414633819410699,0.026042191202580344,-0.032043909515014325,-0.042510880865634516,0.02409251184699069,0.055315464114898016,0.04827817901228815,-0.030878277523517628,-0.055664468429617454,0.043516402904969026,-0.03364440690049085,0.004987163082901264,-0.045211708829013854,-0.031232183717868945,-0.004463101644731787,-0.04443691820697147,-0.03074700283151443,0.0023027569780857174,-0.04982353591978476,0.02176828929218591,-0.0036355577963030545,0.12763108667485015,0.01997468878759349,-0.0017716741196437764,0.07404381730815028,-0.032949099416034,-0.0026603018609580352,0.11256496449517717,-0.021674027203972122,0.05458844911565439,0.035400380906646475,-0.004292211652863348,-0.051663226688512025,0.0304937542039749,-0.005810704109253302,0.0014108628295197998,-0.05214212181651711,-0.04547982864326556,0.0007227928128389811,-0.049550602384071656,-0.03445359965916824,0.05930558882409643,0.007228537059993696,-0.0063308364993559015,-0.05908661143060133,0.007608947212707415,-0.009692895890855174
JAB_LM_1900,0.02936520836925994,0.4639645605189995,0.014318527134790881,-0.04404686525202236,-0.02238793129257782,-0.010747583146495215,-0.046142401563820615,-0.022192048525585022,-0.0011937281623433384,0.03890100064205658,-0.020541459571400425,-0.003700361740305295,0.020954646218270215,0.10789696704821344,0.05121270729080665,-0.030486809504083792,0.007861482959584352,-0.04834580661828501,-0.03449678933732095,0.008548584546884707,0.03417429066031948,-0.018599251230309283,-0.04031606525371816,-0.029725350839375386,-0.02154685843762402,-0.041190691781842696,0.07330758617018,0.04433102777366424,0.029440181728720427,-0.07735447086644862,0.058505595647018356,0.025599677882119875,0.011681380599681468,0.06139968073475876,-0.027365943084807547,-0.016258772088472154,0.05756455734256069,-0.026964953718962893,0.05017004226181506,-0.03300674343385638,0.01952422964323324,-0.048277130182145626,-0.0370464434158035,0.01816712361298306,0.05395469256442521,-0.031662673386349885,0.021885077806828718,-0.05180776379649847,-0.033958387258922404,0.019767455166851678,0.049090325107740425,-0.031944688418023684,0.034360671194632805,-0.045953885670977114,-0.03590928000285486,0.0353585972972427,0.0025165656077971274,-0.04906896454415042,0.03393617396370993,0.05818802579604562,-0.01755073439530565,-0.0005694556376981562,-0.05456606376748426,-0.020970543933529602,-0.0022353393951952596,-0.005177609292336968,0.1222629826115131,0.05546016911254232,0.027166631754954703,-0.039421882838095,-0.004604012302332416,-0.025891463078757747,-0.04266846832639552,-0.006960808443282655,0.03543774089921704,-0.041286241784051055,0.03010115925486971,-0.03293968245318036,-0.043791182525203955,0.02932077968740326,0.05242367585894055,0.052276002574234356,-0.03579930645454525,-0.05744725894938402,0.04441834871744964,-0.03796812881294265,0.008100693894535261,-0.04564890467838886,-0.031193782130702664,-0.005073366561928346,-0.047077288610084166,-0.03106701306427849,0.0020633289063404945,-0.04729214566847201,0.01978889453323949,-0.00493668877078961,0.12713787346766603,0.030574464642476342,-0.002529551833516987,0.07614331495319249,-0.03138377322286886,-0.004393065024490065,0.1075170021693302,-0.022160854681702896,0.061393277967073535,0.038425674825598326,-0.0064817248319854835,-0.06345941130516804,0.03351792654392332,-0.009192378612968004,0.003024917292007177,-0.0574984201854067,-0.04741117237316252,0.0017712094866088727,-0.05330657984900216,-0.03790318863136277,0.0659578135538107,0.013590945742357557,-0.00878391857505518,-0.06617441865870766,0.007481968615482985,-0.012917739682558162
JAB_LM_1941,0.04060583224256375,0.49078202188914694,0.014930963564251274,-0.04762152662115079,-0.023029296404893616,-0.010845373568098787,-0.04905599264985767,-0.02364095017023972,0.0011121261210935386,0.03892155726468186,-0.023701649343809996,-0.0004855524691808322,0.01850490751849216,0.11762071782566626,0.05286074657981038,-0.030785319780358956,0.00585804993059966,-0.05147991104222336,-0.035658455588690866,0.007596896143759604,0.030498664617032722,-0.019114082242274264,-0.04029266103970604,-0.02779430229101802,-0.020224726955049243,-0.038942101049758426,0.06905966386572038,0.04640433846717772,0.037174177169852586,-0.07386402782846539,0.06141295783418445,0.02819348752643111,0.017408902021706352,0.06090743956632151,-0.03138008028585298,-0.018934064908023268,0.06118524599593082,-0.02778386849279752,0.0523937169050479,-0.035826956657750826,0.019673265397564983,-0.05030847326280706,-0.04133037429009954,0.018674866504558525,0.055815355167962356,-0.033702843667379793,0.021609455514366382,-0.05382081335799978,-0.038208702267237604,0.01990309770333389,0.05090947745606696,-0.03415174598975026,0.03787926287559708,-0.048976721414785256,-0.03952473615408721,0.03514880539461826,0.0031607930359371485,-0.05772304858554185,0.03110722262529971,0.05807116995379759,-0.017529364762751486,-0.005148427317404345,-0.05518002002859252,-0.023427461715886857,-0.006367594045614816,-0.0075254615255147365,0.13827464689901425,0.06008099931257214,0.026953673435096123,-0.041820907475785284,-0.003979041331068094,-0.027415153012661227,-0.04547861138906725,-0.006867076096394683,0.03837861611006734,-0.047165001534820214,0.030115451588992426,-0.033807915581265675,-0.05120117572113576,0.02918495163134586,0.053828701345035146,0.05604031200916429,-0.03791452449146769,-0.05789792077518935,0.0468604114194652,-0.03888639007054431,0.0074767595794146685,-0.05054814894453535,-0.03195536969390298,-0.005380062339088264,-0.04925818854357046,-0.03141590070577362,0.0028652965103457355,-0.05536284800530211,0.02030602689012231,-0.007773458300167425,0.143396131903354,0.012722789121672632,-0.00207662246750728,0.0810869007718515,-0.03110152583197385,-0.008800799204268562,0.12834606640295604,-0.014124161892271475,0.05973302978855192,0.04366867805149181,-0.007099250408025382,-0.05865183695008012,0.034366518765459916,-0.010269200177269101,0.0015289880914686627,-0.05814623880910528,-0.04557253394286771,0.002484700039335344,-0.05419701667401833,-0.035686074312605,0.06643525447019392,0.006306804245854532,-0.007963024099187442,-0.06488810833099855,0.011380557909807222,-0.009728821952924628
JAB_LM_1973,0.040108338993506486,0.45864030811476586,0.015487601873571765,-0.04562886704158291,-0.02352029887438084,-0.009983377775090068,-0.04537989050075418,-0.023562736817699177,-0.0003600922576976931,0.03794816908504908,-0.030038804233637945,-8.374554256388947e-05,0.019457447933435564,0.10445395232831879,0.054540719532307484,-0.02879806571453251,0.00820756705827091,-0.052727682916056125,-0.031956849124464295,0.005534704410190489,0.03442645899611141,-0.017561798837956336,-0.03911699648238969,-0.031128292714343846,-0.01766831346286777,-0.041382830034694486,0.06949324080103454,0.04047168348900594,0.043031553473961086,-0.07583103292329012,0.04488231133692087,0.039625609525992735,0.014316021813688583,0.05661841751429106,-0.03203900367951244,-0.01936474342916612,0.0554674833536311,-0.031799245752635555,0.05282785664413358,-0.030020200579846567,0.02085769507809572,-0.0509446756581308,-0.033103050304299324,0.01912768778815619,0.055949808512242426,-0.02888464251696152,0.023746998881395132,-0.05423409369281998,-0.03140841924966162,0.020616813353092116,0.04967807268211125,-0.032132157225485215,0.03511310320433232,-0.04731967306675397,-0.0344505020717912,0.03403450827957496,0.0026873861730635443,-0.0478944990533349,0.03070552359288807,0.06306724443182687,-0.01368051191969576,0.0005798397799730862,-0.06154282102194483,-0.018490673653241127,-0.002435301586254586,-0.004067371720833106,0.1101699581948052,0.05484679566546164,0.028034923250613027,-0.040208638956298275,-0.0006627115025858038,-0.026093370232220855,-0.04091027314875051,-0.0022537204396544516,0.03901760329450827,-0.039162605137251214,0.03115371210929985,-0.039765937561083174,-0.04118328099115839,0.02981764402533221,0.05665111648069792,0.0517317361049035,-0.03427784647182438,-0.06122127827426808,0.04990109229023988,-0.03516480131568776,0.009311127367414752,-0.04569023798206452,-0.034430631151671366,-0.0024337022755137236,-0.04617877467574179,-0.03440792450690224,0.0018294063658554872,-0.04584352244252126,0.024240250286383363,-0.006310928371407446,0.11566228645700298,0.002761061159666763,-0.003167562113315479,0.07455416596484041,-0.03539176192992368,-0.005393172452839558,0.10961064206671291,-0.00620281341578334,0.05488509031828607,0.03898259260191405,-0.00955380789900013,-0.0571317649266813,0.037346933616759885,-0.0095030034760162,0.00352354057840414,-0.051759981260152375,-0.04790907929706829,0.0036703626625471685,-0.05007708616177602,-0.03832805801080377,0.07045238345101196,0.007732974953907758,-0.007345346143720172,-0.07074464630341008,0.007534947048769391,-0.009128296978539096
JAB_LM_2270,0.04578989234677537,0.4884275064102349,0.015533251980552925,-0.05589006590616869,-0.020968757532175104,-0.008491106313434546,-0.05695745843658064,-0.020231313709153483,-0.0007595836874904693,0.04123798986587893,-0.032502029456882096,-0.005036125283289233,0.027322622016004383,0.10989039115888914,0.05136971280469792,-0.029481078956000658,0.009310070701003767,-0.04935546415233039,-0.03045540046915748,0.005301110019061387,0.0348466722123033,-0.022604053237882227,-0.04217828930561171,-0.03210255048319283,-0.022319071095839013,-0.04799423114531015,0.06829457474664682,0.04606832470295286,0.03087481142465854,-0.07418258797518057,0.053547918798820725,0.0396507253122076,0.015870751186543148,0.06232256723486099,-0.038430436963492826,-0.01870427942833688,0.06158023607786049,-0.035351705644417274,0.05358950112281489,-0.0334789385881945,0.018444310626254113,-0.05030300668101969,-0.03302746635818671,0.015336258879686702,0.05500632184613814,-0.031044586929478864,0.020518007335688867,-0.05286417775824803,-0.03234736748372829,0.01835226813546903,0.046710304564095265,-0.038378853525497636,0.038734256707405774,-0.04611582472169579,-0.038180183770699726,0.03518620910949229,0.002413887064180319,-0.05998226688482904,0.033769629548280444,0.056859876585607656,-0.01594062756398036,-0.003645498593943492,-0.05624233362495443,-0.018447135920140297,-0.002786614162427387,-0.009110342416527322,0.12207037391069318,0.05100122046014817,0.029003952050827828,-0.043724090346860076,-0.004268045740801989,-0.02362798455695279,-0.044972449016248,-0.006492750969343326,0.03586618942411893,-0.04896951256940429,0.030811696969383833,-0.033043891396706576,-0.049923631242649404,0.028559244071690967,0.05742587562669248,0.06171908734698151,-0.034713158059995565,-0.06402594014217872,0.055700050107484675,-0.035505628923247066,0.010856737819406846,-0.05489784061564185,-0.02718376302629801,-0.002580906513422876,-0.0562590166853503,-0.028800638577742236,0.002599572452490431,-0.05676445950722369,0.02634056878079287,-0.005642197882146138,0.12790170004857723,0.02354580255071845,-0.003787148554383041,0.0816725411181521,-0.0363617901778912,-0.003951346631682406,0.12964403129352112,0.0002588575133638389,0.05746338129867031,0.04576230721866254,-0.008927327648668583,-0.060865057987779546,0.04211548024980278,-0.009932820925226028,0.0037214727226106544,-0.061916138058911246,-0.047265024860419315,0.003897100482271188,-0.05956541847916224,-0.03401186614222635,0.0662340088182852,0.01902351401913699,-0.008921516698455924,-0.06677128861800198,0.01783836763842478,-0.009412231040466642
JAB_LM_2274,0.03960490956191869,0.4690500054157091,0.016215327764818308,-0.04288403744543197,-0.02259117696226116,-0.01165788181716484,-0.04417110589435273,-0.02555890912288175,-0.0009778979104847437,0.04064287435578367,-0.029183923227107843,-0.0020391047186464634,0.014019133059494454,0.11181259518382858,0.051033167503143365,-0.029671619455356225,0.012565976551174888,-0.04914558845999452,-0.031948870472724544,0.009452609010609927,0.03490294531663588,-0.015300894681475928,-0.042328085357418846,-0.031575367268352236,-0.015853155584735146,-0.04514670331378449,0.06862809034953654,0.05464059702695242,0.018318558648826942,-0.07494710288721546,0.04906229565278442,0.032019431074241426,0.015951694123782233,0.061274692169661645,-0.03340546726523082,-0.01932497944706397,0.05788970569967502,-0.032958915079459736,0.05004650895840965,-0.032587492334519484,0.02231592817192668,-0.04875869744195106,-0.036571449491856436,0.021421552516569825,0.053650274832442106,-0.030915011272824304,0.024444249528288796,-0.05261755558268599,-0.03320942231884188,0.021882765279766722,0.04967220275325178,-0.034127772540913585,0.036017632924955814,-0.048629776861473684,-0.03676310394858632,0.03275599620116449,0.0029066090648706276,-0.054339348731860714,0.03631335587480693,0.0600048846158059,-0.01921026452786601,0.0020351380285304438,-0.058115456768646115,-0.020905892425089185,-0.002341404511184321,-0.004225482120164075,0.11613752169165506,0.06218594157738669,0.029851699007656024,-0.039141562631728764,-0.00589880349661094,-0.028377412959718944,-0.04157990781488302,-0.007134354882991119,0.03286495005878639,-0.04386982471905008,0.0347739388822578,-0.033264811374291,-0.04523138617993766,0.032410068316738365,0.05547349542673958,0.05175266403018874,-0.028761891006951437,-0.05813334093919958,0.04923609978632708,-0.03232289541329238,0.010617851185364784,-0.04295268509624859,-0.032304388288293226,-0.0023854524916061856,-0.045198758181811065,-0.034916093981639515,0.0012927458610664613,-0.05121123061283562,0.022889460969977043,-0.005816359945900373,0.1251032056664742,-0.00017871114545571395,-0.0018183317463998012,0.07893003203060737,-0.03269736409680151,-0.005019130034985809,0.12010584360847333,-0.012327129464492187,0.05786897730164975,0.03812591933440653,-0.00354914019412094,-0.05945411400936841,0.035886274548439887,-0.0070008484289359645,0.0033014818849425778,-0.05569766315714624,-0.05047094579893356,0.0036568933407414603,-0.051003781437350314,-0.039625821136760844,0.06634023389082958,-3.806488238886344e-05,-0.004531273318868409,-0.06799618845515974,0.0015774471788908312,-0.008380953247574626
JAB_LM_2294,0.0415309097925127,0.4677347425104256,0.01573009861558852,-0.04803400955652313,-0.021785657157622186,-0.009077666213507952,-0.04801294480272881,-0.022545534245562677,-0.0008812019507304798,0.04023797940692763,-0.029620141068436814,-0.0003029032028255321,0.02553222942576947,0.11252854476531254,0.04953470437014137,-0.030653558426125622,0.008732571985624904,-0.048240717427538514,-0.03308902051579679,0.006568170083921592,0.03286985704774172,-0.0161494792792284,-0.03962107237834402,-0.029266353675928107,-0.020327366811437077,-0.04189912363534596,0.07083373493230354,0.055584143163905045,0.012812957959555555,-0.07595068219380494,0.05297452466361557,0.02421515140385842,0.01576116212300736,0.05951111371108813,-0.03277016287942299,-0.01883469922511952,0.059044346839461484,-0.03451219251542623,0.049227322459578046,-0.03309448937564629,0.019980509073679056,-0.048718274096999095,-0.034662951382294485,0.016479163220970584,0.0515809293247987,-0.03133500210176115,0.022211467520874092,-0.051313270639159594,-0.03189249224251688,0.01932656394284425,0.041551733723829386,-0.03298597624025363,0.04067479243177406,-0.0447410033506663,-0.033703943392148855,0.03602013722124032,0.00037229764846458135,-0.047783591664003595,0.030814087877658353,0.05973796680069975,-0.01977336211230851,-4.404624779881903e-05,-0.055862400482687494,-0.023497052903144904,-0.003091425444951257,-0.006045579391730771,0.12271261227382593,0.05850025911824565,0.029402071512819997,-0.042400471356319996,-0.004120565569551921,-0.02745940204164822,-0.04323595253571842,-0.0068470156014379165,0.033559138159165676,-0.04061319765405024,0.03092419117775789,-0.0333187085008778,-0.04143388008337753,0.029332669827083095,0.05611061946652233,0.049265312623238425,-0.037116085488845256,-0.058489322486170975,0.04677979494122505,-0.03850320592574512,0.009630137075610341,-0.048424107083995284,-0.030034756652136844,-0.0017499229990676308,-0.048779721705614655,-0.030167324548267666,6.452048276569938e-05,-0.04725842899682019,0.024569669587916565,-0.004703857990476634,0.12529619127291303,0.04337872674306007,-0.0005795528314464291,0.07530229453262872,-0.03280385012971485,-0.006675303845029487,0.11484548967388629,-0.008590594484745522,0.05905186413464306,0.03731791839972539,-0.009644290073163534,-0.06228896659464379,0.03484297237577759,-0.009723706324619068,0.004478173707484787,-0.05515814201682497,-0.04815556047100483,0.0040963333973822276,-0.05190794150036736,-0.03606009212747895,0.06718050276222547,0.005366106736056704,-0.008875478068091124,-0.0662733786047133,-0.0004059463010377228,-0.010537752903663471
JAB_LM_2303,0.038634645789368635,0.4709724934686486,0.013592471232184135,-0.04893057059272645,-0.01851378448624911,-0.010228731568197267,-0.04977931790060143,-0.018459263035979855,-0.002087310308566545,0.041926798290982274,-0.022216709038232075,0.0010752739192582776,0.020144621677639394,0.10372852330260056,0.050799399348191374,-0.027294327984923605,0.004870895070724837,-0.049050533285500235,-0.0320191931432868,0.003113958230205981,0.028668095894218537,-0.02190149989030971,-0.03713529740829874,-0.026272371480176138,-0.02510069761863101,-0.04027198505232369,0.06546964845304638,0.05222264576645401,0.039459276096863255,-0.07079963755595194,0.05331882602546895,0.0335399160010101,0.013221741967319433,0.059726889180661914,-0.02596520849576435,-0.017995754285508286,0.058504161848534575,-0.027117827941346855,0.051321556437694184,-0.03333440649834263,0.016619288791316245,-0.048739942159785415,-0.03654452978541338,0.013693471388794941,0.0539149704116364,-0.031043919502418443,0.019273036370040266,-0.05306153740354324,-0.033485672061821396,0.016959132042270522,0.049515318999195736,-0.032823550384744056,0.03259967744576197,-0.048222007261549,-0.035500926969019755,0.03191170230007239,0.0021362694864561563,-0.06383312205890639,0.028351467614090797,0.05412539409701388,-0.016140234109628646,-0.0005752124816379214,-0.05263905301378534,-0.01964983128521723,-0.00521989181085061,-0.0038453699818725823,0.13271664986658493,0.043496588461836856,0.0281629466572752,-0.0411090706155178,-0.005303077259598608,-0.025144976755376525,-0.04460478483987243,-0.00557939543873294,0.037646156617488234,-0.04823393241967014,0.02597822513729721,-0.03568826071864781,-0.05098179630518344,0.025065834155485852,0.055670147473856756,0.056924167342027626,-0.031213563946659854,-0.05813942644585605,0.05340502563594004,-0.0329978223258394,0.006695776378290219,-0.05166300832757229,-0.027177373913261988,-0.003741672663122202,-0.05053473283484423,-0.026978168929568374,0.0019193664214276365,-0.06172320456035211,0.02331437445902174,-0.005327463236888527,0.13593730286204286,0.023346212467156225,-0.003403276186948731,0.07705808459380062,-0.02822993602167202,-0.004350264365716512,0.11942128565991468,-0.019823065513667984,0.05342310203955159,0.045001970100509506,-0.007317786874270612,-0.05342735955827947,0.04024808824008325,-0.009000853414428765,0.003357909032381195,-0.05643740855436724,-0.04581868776931546,0.0022209520222150167,-0.056666145536826605,-0.03294295872202772,0.06084887928317713,0.015372295014852426,-0.008175969762189471,-0.06162042793660566,0.007407071674700164,-0.009287739692633346
JAB_LM_2317,0.025106735687891138,0.45950663321778823,0.013489823592767044,-0.046636885050279554,-0.01969009103128289,-0.00813198717437091,-0.04648631494259016,-0.020774556834043213,-0.0013621228711081655,0.03763578784527249,-0.028499095258388785,-0.0018523337036281617,0.019642280887727934,0.11140788097048945,0.047938754368431154,-0.028919032487957755,0.008753632365899043,-0.045507150231989625,-0.0318178603432839,0.008597242839361452,0.0305896036469041,-0.01739847298348297,-0.041530575563741075,-0.027698575081192563,-0.020950421133901848,-0.04153341484662401,0.06688236493221413,0.053595527376732004,0.04016199684886424,-0.07278402926170448,0.053815444947872104,0.03362593307777329,0.014052112372944998,0.05643337597377694,-0.029983881360949188,-0.018948379670910346,0.056185085374222905,-0.029868490492712365,0.04773769785288867,-0.03330560544966636,0.016125184887281964,-0.04521019505671806,-0.03483132705230064,0.015456894575648089,0.05117408378403231,-0.03205227578194135,0.021242077597759187,-0.047801690986258256,-0.03502364413486673,0.02109319641829306,0.04726433460105935,-0.03378712652471589,0.030701383297320046,-0.04494184104249834,-0.034310191604148665,0.028228436046223666,0.001958411221197426,-0.05706856227792465,0.030838492045193462,0.05355305214957848,-0.016409532151793742,0.0022343501313435285,-0.05243461242374148,-0.020002569071118886,-0.001223088147189745,-0.001630760344764943,0.12293443927687844,0.05498891456837883,0.026368447329628137,-0.04074464472553901,-0.0038109762569484063,-0.025475294629510106,-0.04240187184723878,-0.004422162718835835,0.032312916503779224,-0.04572398874446347,0.02564401952189278,-0.031127607217462862,-0.04623950828896754,0.024932936267781793,0.05213657390727199,0.05123837497332665,-0.036612638776422804,-0.05591563537734692,0.04665258971407641,-0.0379183353644708,0.007543308067341955,-0.04845574876102111,-0.030292884438666033,-0.0017022212422165767,-0.047842537925715786,-0.028870918755111323,0.0015605395213195742,-0.05283763378986426,0.02119877553310222,-0.004735719229945341,0.12733363245486065,0.006797531260986868,-0.003646585993656094,0.07627821502502335,-0.03118353811048614,-0.0048536613464706755,0.12137609030091394,-0.010327859694893417,0.053179604878403945,0.04028172688970272,-0.004457233098731077,-0.05671190448489311,0.034934880578187846,-0.005876015496444346,0.003220195807975254,-0.05262992189509553,-0.04783872585552689,0.002992942355080659,-0.05100221007159709,-0.03559119644856527,0.06155302865954504,0.010581376686551845,-0.004155211593896047,-0.06303548818197642,0.007959058734349444,-0.007567988109663286
JAB_LM_2343,0.03576332848041465,0.4423555762193694,0.012760796792340524,-0.04226258278632202,-0.022699646435683073,-0.007791333253793485,-0.04350015304735573,-0.02177014933750384,-0.00095131458839456,0.03903497262142344,-0.031187548753074095,0.0008763352833310685,0.018879165119464757,0.1112831856082719,0.050154875416638614,-0.027537776336391668,0.008373663997674717,-0.0492534488940206,-0.030806110595475562,0.005691949020940781,0.03117364277611493,-0.017828938170079307,-0.040060217429461864,-0.026777935187821744,-0.009067087608126474,-0.03954028885568785,0.0684957571412317,0.043637504168150945,0.03874607330688559,-0.07620542895262031,0.046860131848672694,0.03146712999075892,0.015310185557051208,0.051974118153147064,-0.03217995585684853,-0.01702234020391123,0.05335513641219021,-0.03130202222171372,0.049303519641527474,-0.030947723212518607,0.019883297856858495,-0.04774505838088748,-0.03401905355585287,0.01747866261560744,0.051835983653109645,-0.02940557861750952,0.02139614009972356,-0.04994547797399044,-0.03258818116499537,0.02006093545129836,0.04734468763710926,-0.03089526928593788,0.03153689204979064,-0.046311204218771176,-0.033115125444431195,0.02925277886388885,0.0025643035015829358,-0.04809023297597863,0.028480760220250707,0.055442095958141646,-0.0164948648583775,-0.00040652037034887494,-0.05365908311094896,-0.020070688989603336,-0.0015822192290164865,-0.0073212569276197795,0.11353868676733528,0.05784256477520516,0.028468952737727433,-0.03793825820014947,-0.004302024092541053,-0.02619058775692315,-0.03995736668798401,-0.0063528813977017295,0.03412974946917398,-0.03912304207694476,0.029688745505988462,-0.033702597628915656,-0.04184442621078509,0.027749692507120467,0.05221777370531747,0.04450383447286985,-0.035611795988389386,-0.05529580760750889,0.04389569268484951,-0.032836300920999754,0.009119737401679238,-0.04391501967937265,-0.027163591388328374,-0.004693774049132731,-0.04407330865133417,-0.02626442544545868,0.002331028866857746,-0.046673185422700526,0.02031559477174712,-0.004047330060359612,0.11620055179256425,0.01792795546382056,-0.002067291110000751,0.07074474957767103,-0.03539192019909284,-0.0029006615500392443,0.10160860146822008,-0.01896112358487194,0.056321368752903146,0.03698024702227909,-0.008531199624741399,-0.06125613268131879,0.03447652936058185,-0.007451212694212296,0.002557074559500347,-0.0466803447294074,-0.043660517857987205,0.002837711972561306,-0.04706062339959591,-0.032516023569169474,0.06527033419801444,0.013465454159693474,-0.00849187668117084,-0.06537785088493551,0.004739566078116111,-0.008912560171828392
JAB_LM_2368,0.033589818385082286,0.4793898701732048,0.016186999846420268,-0.048415068091901804,-0.021181239348860997,-0.010778212672866872,-0.04979011614049086,-0.021101395532127455,-0.0026708004535608097,0.040242844633876215,-0.030342827098984986,-0.0029384896299174475,0.015595676634050018,0.10945295554068848,0.053333820706818705,-0.03141622953811436,0.006933067396969591,-0.05056992018418555,-0.03332073104847678,0.004534256658356041,0.0340551687604148,-0.014584103023810422,-0.0384300470859284,-0.03172920554192917,-0.02033945565327924,-0.03864870754714412,0.06767355791020332,0.04478471323968963,0.036170908623753946,-0.07444840479071162,0.04560996383108824,0.03508589205261095,0.013356914603668849,0.060823109849022186,-0.03605701605321724,-0.018726597000753107,0.060117233978663566,-0.03659061441431077,0.05364214555457453,-0.03477439494962342,0.018766242746487777,-0.05052642284020104,-0.03624583887219881,0.016329631919955623,0.05587826907517473,-0.03477356935474378,0.02202219448391758,-0.05358420266091685,-0.03682014500518906,0.019443641503645297,0.05238918836280174,-0.03687448428919331,0.03333694416820924,-0.04970358089813488,-0.037403335823297176,0.034051519923057154,0.002045547632823695,-0.05591607844486964,0.037288301129594296,0.05998455060831294,-0.01669756582623723,0.0005340563181236811,-0.058086922818097894,-0.020590014237777645,-0.0016119400133964169,-0.006765695077846471,0.12363371285531835,0.058469453897788064,0.029393757082283988,-0.04160265319220985,-0.004397634759533068,-0.02553535651296285,-0.04361028584225999,-0.005179253662801994,0.03807547377971925,-0.04673245280377496,0.02971081066742455,-0.03503914944517286,-0.048846313477930385,0.028571761175210698,0.052950053278780954,0.058539395118506254,-0.032279425400135196,-0.05771238011842901,0.054853495824548376,-0.033258516746606896,0.010647167871365795,-0.048457103148927066,-0.029350310500814266,-0.0037388277082688083,-0.04935966465365192,-0.030442617836861408,0.001977743549441843,-0.05325955074989637,0.02334977214584125,-0.003857164705721495,0.1309891717784964,0.003453429103545543,-0.001951114875687829,0.08162565810160255,-0.03539213546837372,-0.0013300025429596523,0.12162181075661618,-0.01143403801040589,0.05570237103195576,0.04695330116978916,-0.0074653520940845455,-0.0615314524286076,0.040704021681833055,-0.0094659831169649,0.002805391823688774,-0.05649424097283189,-0.045808029753675344,0.0031153390554865094,-0.0550962305351182,-0.03586276666858779,0.06712299886368579,0.011457369956369388,-0.005851426578119628,-0.0691125564906904,0.013868146266334543,-0.007353561764244725
JAB_LM_2380,0.028024076658834,0.47740686045306413,0.015104082877414026,-0.049635992835326784,-0.02064409770688805,-0.011189106176178153,-0.051016537181136225,-0.021049461679083833,-0.0010687118978774252,0.03591330689302961,-0.026253552576428797,0.001462485732473052,0.019696624442452775,0.10718663008754417,0.052438956056074605,-0.027948917035971924,0.007120392741611716,-0.05066326786565211,-0.03070538085032606,0.006839230701283344,0.03622898799867361,-0.01647257791071635,-0.04089064397403831,-0.032263608277249514,-0.02149093400735007,-0.043959666540718804,0.07096073382480608,0.04888165508262375,0.032243738231996756,-0.07857639664203515,0.055610465208626336,0.024761376373006315,0.015274268179325808,0.058262157954904976,-0.03158847264833482,-0.01791844162577787,0.05824016672338877,-0.033589038646403085,0.0534844611168193,-0.029891910774182354,0.0185122887491204,-0.05061747775766082,-0.03374059717975434,0.017268850119375456,0.055312099094622376,-0.02893981524740837,0.020808515251741877,-0.053321672810502097,-0.031317348151232195,0.019384074676324407,0.053031971191744146,-0.030005801300474425,0.0344281810904466,-0.04973412818525083,-0.03381859640041651,0.03380056851562178,0.0020182615984547614,-0.0576436512760983,0.033611231049253044,0.059938474880881436,-0.01250092890071927,-0.0030575940162468765,-0.059052784998444845,-0.017074893427618087,-0.00407367189763832,-0.005004181983753626,0.12097533390941599,0.05789863556449774,0.029919943969711385,-0.04188716864073458,-0.006688444360937007,-0.026829548343454787,-0.04343180748266362,-0.008171524791861206,0.03773475188042129,-0.044289704857783316,0.029928351447759485,-0.03376826679175434,-0.04641064338980697,0.02870405041193995,0.05932307815047733,0.05228333672739216,-0.029406683135410533,-0.0639944898068127,0.046038732597346886,-0.03476811858279751,0.009141565670148968,-0.05166698938002191,-0.029924597730653684,-0.005626169094915125,-0.052567322031498664,-0.029469268399959097,0.0032913355656755774,-0.053618282300878096,0.023403476861418415,-0.0038354684263387823,0.1336346344395781,0.02338282680815011,-0.0030802619640686083,0.07590187852333327,-0.03235611581773322,-0.00582955143569229,0.12524011514593775,-0.010226588652071737,0.05757430543683508,0.03997615797589854,-0.005229963355619935,-0.061940513090695544,0.037432454084550704,-0.0091822345751765,0.0026974739402451445,-0.058840336251156804,-0.045696884179502156,0.0014003163530649895,-0.057992059158186046,-0.035475411496283825,0.06602513586448676,0.009096685236623372,-0.007153756624803035,-0.06804864220824111,0.00572449102635832,-0.010426627292501201
JAB_LM_2431,0.030562569862421906,0.47608874138603474,0.013322063184292667,-0.04886838507868514,-0.02023338744866786,-0.009712631169528927,-0.0495709414469851,-0.021834484187315182,-0.0005541928673041902,0.037594664027920506,-0.028115441205530226,0.0012145573446514285,0.02422090528362721,0.11540143636263761,0.05201153352818181,-0.03242597832676615,0.0073686629068119205,-0.048968967572345194,-0.036099944345169464,0.004803140659921596,0.03134004627831307,-0.017551491233506314,-0.03583023883503936,-0.026988754026101566,-0.02316925493563513,-0.03833445307340761,0.07186030597114862,0.05175489450623814,0.04197650708742743,-0.07833613317501283,0.05491230168364279,0.04164348035426094,0.01299900971775561,0.055137693826433354,-0.030518137115778207,-0.017465634146782195,0.05392207687400315,-0.0319208442091532,0.0521674425177707,-0.033005374348611956,0.017972656304185243,-0.049413379957816576,-0.037929918907829985,0.015312780453657505,0.05478882211660438,-0.029166589533204154,0.02000572847105327,-0.05224520051048377,-0.03600007349815064,0.01644119273327621,0.050607668763325925,-0.030816310015092042,0.03484051273513265,-0.04871164782130984,-0.035204393939536074,0.03173481023448556,0.002580684628480283,-0.054886002209095515,0.036176160782716744,0.05721222554751861,-0.019716163629709245,-0.0008171027210933976,-0.055844440414924146,-0.021583070112550215,-0.006328488166541454,-0.002258378828808932,0.1314648614256348,0.050393294566694426,0.029741057265858004,-0.04288320283707574,-0.005312635530048868,-0.02675985781429049,-0.04428885548767554,-0.008375467001636043,0.03751188715835956,-0.04514549623885596,0.028569560673655556,-0.03400753702132688,-0.04760430706062745,0.02650658958525818,0.05257505203028308,0.0553720599387052,-0.036022217995100025,-0.056305005432237355,0.05386230883634324,-0.03899896456818209,0.008483238555150529,-0.048418735858575174,-0.03004798587066173,-0.006002020282758787,-0.04823905535225498,-0.030304589844657955,0.002551808309935504,-0.052893241582025886,0.0219704717707777,-0.004907025536692257,0.13348268817208256,0.025758523765510515,-0.0024917501145505483,0.07401020878414881,-0.03146459761129488,-0.0049562243235832665,0.11718772584989107,-0.015035433963823584,0.0527535536651956,0.03777004498917723,-0.008688682358231548,-0.05944640303408102,0.03416050308288119,-0.012640701368174287,0.0017737940762682755,-0.05229537460541503,-0.04863368324375662,0.002632055042562487,-0.05261360751616285,-0.03732302773684141,0.06511244900967539,0.014073600465382332,-0.00811781850319457,-0.06786407066139274,0.011449230353084155,-0.01197712688933297
JAB_LM_2433,0.037629243080927896,0.4913148107074528,0.0188968682119487,-0.04750181454273931,-0.02362803288291827,-0.011631336409981098,-0.04853175225601106,-0.02517110311207102,0.0010188077859678438,0.039543389113424816,-0.028324930160888235,-0.003363015828246923,0.025551778579752212,0.11462342414449721,0.05477264020144409,-0.03175974503624701,0.008508673157111563,-0.053399609015071535,-0.03485200529354754,0.0055259027396989055,0.03401710414094504,-0.016209925619492825,-0.041163035389100475,-0.032372157438834766,-0.016885067384891962,-0.04346443612752817,0.07207810069918019,0.05027302433560573,0.031175306338420708,-0.07941188683534157,0.05215407478088058,0.038385794945134714,0.017156109879206256,0.06030426605436949,-0.03162988973625087,-0.019407814228282246,0.05907065780690921,-0.03144853577516383,0.054092881871431936,-0.03508175330822344,0.020012832223621168,-0.051885151259080026,-0.0386314190437168,0.018231997473414915,0.056488933900719206,-0.030829307870022943,0.0231971752255484,-0.054194246109024465,-0.03736544801398194,0.02099187620269873,0.05165938131298311,-0.0325850526812682,0.03623796209423929,-0.051337118403752525,-0.03634321838679693,0.03263842055648966,0.0025675188357420623,-0.05738419917356459,0.03601291301959612,0.060873790862780434,-0.01702282138506883,0.0022720118477877155,-0.059704021330941964,-0.020462347593964328,0.0006943363385774036,-0.003771198727894306,0.12612268921242564,0.05987658080107406,0.02949072740342742,-0.04406189803333944,-0.003574168454819797,-0.027827761085837066,-0.04573128225748687,-0.006461927119647015,0.038300419188519744,-0.04705601081393355,0.03120041517907267,-0.03869101289619875,-0.04836636478775374,0.02944915552692087,0.05882645912373326,0.05448002177796043,-0.03892155389804177,-0.06309087161791557,0.05015678051943734,-0.04110416351781426,0.011929178225759523,-0.04732603426680825,-0.03355173914607081,-0.005228598579496414,-0.04687157278487242,-0.03298286771139291,0.0026550282606804185,-0.05523525988802583,0.02550234335985219,-0.0041493151861512045,0.1304168759703886,0.023992806789765522,-0.001613798863697237,0.07880992502088441,-0.0344831114128262,-0.0017683408390936225,0.11944913853236618,-0.024277209795274642,0.05932933759831609,0.04387677482436288,-0.005439676443819703,-0.06568470652898004,0.03955856376033661,-0.007675442466207417,0.0034836204344686353,-0.05815917288388685,-0.05107188192644405,0.003518861933855692,-0.055405440957839544,-0.03938194658411296,0.07196530903960642,0.014188556281569599,-0.006157498415424638,-0.07458911772689471,0.005702397692810435,-0.008616777887704718
JAB_LM_2458,0.02031655060793273,0.4613064073073739,0.013725924181285477,-0.04460840954786595,-0.02428034661749297,-0.007818383468205728,-0.047662980660786176,-0.024761256881606925,-0.001216643474745433,0.03441553972406441,-0.02683551394394073,-0.0028381165635766987,0.027268540235979098,0.10806063359714252,0.048572280852049135,-0.027154611351213668,0.00795120472091896,-0.046791463752741014,-0.03106773095909005,0.006898907157539051,0.029938039640926763,-0.02069470304611747,-0.04348443496076587,-0.026617981749754036,-0.016764917865177077,-0.042305764681776166,0.06988305394624313,0.04863586841052274,0.033760602945652925,-0.07496937219813603,0.04902800509099108,0.03523510866367938,0.012784438000701412,0.05703540609905433,-0.030343923017534306,-0.01829817288948162,0.05394099135902869,-0.030482500853937212,0.04960191927453442,-0.030037294879028613,0.019626747524878647,-0.04738986931110748,-0.03474170316629099,0.017984753916502234,0.05196175186074818,-0.029182624699748583,0.022167883455115115,-0.05054515828603222,-0.032735026572518304,0.0208063816472973,0.04852940513214024,-0.03186829000318847,0.035951487720925906,-0.04731225347262555,-0.03508106431670753,0.03297289933929656,0.0028091144745582214,-0.05456820887321244,0.033323125695623325,0.05520586149643322,-0.016613756177241222,-0.0016220355694963851,-0.05413847916440369,-0.01997017750957767,-0.0032966519030529127,-0.005148708676589339,0.12047755220336817,0.05501108437026953,0.026733245528019863,-0.03931027245890044,-0.005153102661254892,-0.025718672133230463,-0.04180009962763774,-0.006566817919674528,0.035299087384390096,-0.041752305161784756,0.032758275244350245,-0.03461309626247591,-0.044157968183103566,0.03046108112227687,0.05649134348236086,0.049949991997463465,-0.03299626394415729,-0.05963444119193231,0.04868065938833903,-0.03751569336770208,0.007049774099984374,-0.046789789612033034,-0.0321561054440366,-0.0018884106833885238,-0.047475827506483194,-0.032519904636062684,0.0028244325833394397,-0.053283638037814746,0.025301286969175097,-0.004585805348447979,0.12658223763043236,0.0256608541237752,-0.0029974130651370928,0.07158811113647005,-0.03404369800889333,-0.002834926476229419,0.11473049979159408,-0.01599611952254356,0.054694082514919085,0.03769945956810771,-0.00634462542448229,-0.05784106148138581,0.0349526083966013,-0.008003176816702859,0.004566347899941706,-0.054709209468325685,-0.05032141688142525,0.0037723582774634723,-0.05239908023115581,-0.03919312943727959,0.0639246129788306,0.009652707102002611,-0.007122152934248414,-0.06516864395924334,0.009791511780983992,-0.008587682786352031
JAB_LM_2463,0.028571157843444852,0.466506891550021,0.014509157749750494,-0.046100934863373445,-0.022567439147838618,-0.009299981688847972,-0.04873530079853966,-0.021013187048789895,-0.00032578346593128385,0.03821902030282683,-0.033409542727024344,-0.0038513244594882336,0.019312621443717277,0.11511620946198385,0.05042972983648396,-0.026534391239891694,0.007862558256673213,-0.04679624390626725,-0.030500241418393602,0.00831949653318383,0.02970839404925888,-0.012103944298744637,-0.03714564483570185,-0.02728168940810744,-0.013089632811292449,-0.03807951108691697,0.07066367171910522,0.04855992394823287,0.039504942530272584,-0.07670100112449724,0.04773361904367941,0.03989263615710939,0.017268629226762467,0.05744612673184573,-0.040784961905457474,-0.018820118883952876,0.05779911878104988,-0.040332114510425544,0.05122111009740948,-0.03192454129546854,0.020062954899485626,-0.048757417312694416,-0.037103277799728315,0.01889066267086273,0.0539433302389619,-0.03049282797238741,0.02277800071947588,-0.05237123235575849,-0.03521609113201414,0.02098122133824065,0.04901425142468339,-0.0322445985228918,0.033150564083074895,-0.04916194062276527,-0.037165517401468603,0.030303067337668577,0.002999826747034753,-0.05453776405509017,0.031017553307787535,0.05361011630419036,-0.01839720050875903,-0.0037433949976756254,-0.05309432940175799,-0.023712128012477414,-0.0040728249034629,-0.0045593650432355914,0.12523121622612168,0.05773855976643595,0.0272058941361693,-0.03888102989188061,-0.006020506419969334,-0.02574898218324917,-0.042512408901757705,-0.006365374500605399,0.0337686226918398,-0.04415585306580726,0.028946970422520465,-0.03485238703111856,-0.04592974895506337,0.027556326273618467,0.05487298198591205,0.0499234987136122,-0.038159891315345924,-0.05633041768761193,0.04522106054559747,-0.03906824182519176,0.008710660424329726,-0.047272755969732266,-0.03012875660860868,-0.0035979821794455504,-0.04841578269335851,-0.029302895258473006,0.0023754153761511593,-0.051965223376487873,0.02154476535658618,-0.003103699420725502,0.12878312712619297,0.026536253798425304,-0.001220181384614953,0.07723794372729997,-0.03840890806883884,-0.004592288532002709,0.11518678942954659,-0.015070140677024717,0.05197752306136918,0.039046189673733994,-0.007926766971580748,-0.05551178436733456,0.034334897308185584,-0.008546218722452984,0.0027105699383051596,-0.050759205545033985,-0.041106474309896446,0.002429217240423914,-0.053007773681082705,-0.032990792243680664,0.06209497571761328,0.008250199160775105,-0.006618967340212683,-0.06353592750634746,0.008472822048307594,-0.009340187488230779
JAB_LM_2467,0.027410342816783072,0.4674448604910963,0.01269764839954601,-0.04962299868016303,-0.022024930094321576,-0.008241879433557673,-0.05173409518460164,-0.022053597483636337,-0.0014846897961846293,0.03569405486722883,-0.031002285272592377,-0.0018159629700820912,0.01798330971723596,0.11163481437128703,0.049646173015235204,-0.02638997251193023,0.006962481877364614,-0.04687943661903701,-0.031298629886479745,0.0054258588994251875,0.03211329914445709,-0.01981777319131223,-0.041572899587222455,-0.029140941884454197,-0.023067207342076772,-0.042866436185219556,0.06725281800457242,0.05676406387236021,0.037142790154035106,-0.07190989617714683,0.060346314298010226,0.03336525728211059,0.01656035624989,0.05483912467884349,-0.03627161348418655,-0.022464342365643136,0.055713851988620465,-0.03664665397678085,0.04775595775187705,-0.03135975271515989,0.021044044298645287,-0.04599654411649736,-0.034830933856573806,0.018221849803283438,0.05046209040168371,-0.028819009989365263,0.02282326378003226,-0.04830307906819758,-0.03251618600938497,0.01992546514643483,0.044078747195301624,-0.03321938134226895,0.033746769853634034,-0.04240757506280845,-0.037241068639959136,0.03171766253413758,0.0018317399442597734,-0.05245127702655654,0.02940688737344104,0.05409117763457166,-0.01570918282722923,0.0011353308969364703,-0.051933189433186255,-0.021171463735345453,0.00015303913135351611,-0.002669177471661759,0.1248335566528045,0.05757919523449841,0.02715576911418108,-0.04054938463568338,-0.003697763532595464,-0.024550373402164198,-0.04276316852695005,-0.005688125628757241,0.034641314719436246,-0.04120526301750891,0.02887755016368453,-0.0333460457588734,-0.04396893672555163,0.02743447635051247,0.05243666215402326,0.04840745690251394,-0.03436255034497324,-0.05518148887048271,0.04315116554425898,-0.0353923978784224,0.008453382282301402,-0.050703806764392456,-0.03261836528307013,-0.00328396204897999,-0.05221382407845904,-0.032550796770973826,0.0014327671826145636,-0.051735435014564596,0.022452777823861333,-0.003531332086202335,0.13205371707399946,0.026990117162430362,-0.004568535247047434,0.07754608026143617,-0.03561178172119559,-0.002897586513308792,0.11556409040679601,-0.009360412999961116,0.05327159525008897,0.041970082122006654,-0.0053252340886706055,-0.06067145365701096,0.037438270895908246,-0.006889011230411266,0.004773943768189205,-0.05773023547628567,-0.05054486875011972,0.003573393378467345,-0.056299360329238816,-0.038283009814288754,0.0640902971876111,0.011745130603663636,-0.00523502355131384,-0.06504164079578093,0.012368077621354702,-0.008041874458395173
JAB_LM_2487,0.021230421862057827,0.4657156056127124,0.0160093521401432,-0.04836355097705615,-0.019852898149490074,-0.011476427067397113,-0.05007988042928828,-0.019803293189283564,-0.0010144315110307538,0.038332348029091357,-0.02905382195945838,-0.001857720705769205,0.015780246735056177,0.111533891853368,0.048558495491557385,-0.028119166752175358,0.007433012876690774,-0.0474230872935041,-0.031936729814693865,0.003996912186331987,0.0352824797814698,-0.013939534812734073,-0.042051890489727975,-0.03277024353575636,-0.016926068110930993,-0.041943943691275166,0.06845266322213317,0.04995284632585688,0.040648219411620716,-0.07479178387400086,0.05292159187925603,0.03327032862000139,0.013458045840228392,0.05146457231240578,-0.033502632168487256,-0.01813931516353448,0.05403047480627278,-0.03303741358025713,0.05085908610822381,-0.030582007253100587,0.016118392087306792,-0.04889550343724161,-0.03470828748165714,0.01592351095327147,0.05374128992210981,-0.026887758767494423,0.016616765373463214,-0.05193827319485633,-0.03277118603434896,0.018962522444921064,0.048894609672536775,-0.032377400469878886,0.03291722227573315,-0.04711786273573743,-0.03616745773417461,0.03351514127615485,0.002622397901371606,-0.05564616504914279,0.03124074087445895,0.05583741367175989,-0.014196587985627245,-0.0006460508460112565,-0.054794700375629,-0.018671285025049725,-0.0018046927951988114,-0.004440725458260644,0.12299451425064217,0.05170750314711147,0.02766265292335036,-0.03950732367500196,-0.0056026991861816665,-0.024490606197454187,-0.04277427701440071,-0.005335742905115235,0.03413257878704475,-0.04382349677764045,0.029693111555832905,-0.03522072738178177,-0.04494777063441026,0.027752138222441346,0.0542222517716631,0.05399233106524804,-0.0326280115323901,-0.0580143305670815,0.049365305536106005,-0.03274286593162368,0.010336288812003457,-0.04912719986562477,-0.03134375611508931,-0.003692552377399433,-0.04940216863038687,-0.030857087505916973,0.0025493961586687485,-0.05417434277407241,0.026793289679736373,-0.004877774159250377,0.1292758134187882,0.017026031289049316,-0.0026275612982254344,0.0741260778083099,-0.03292111097920787,-0.0002796441320509829,0.11842703801035327,-0.01515657541428656,0.05395139026836215,0.04222031013210497,-0.004725644552238248,-0.05799288215742542,0.036336296637901055,-0.0065023150538203725,0.0035027291392845474,-0.05747435936170928,-0.049577524296605474,0.0037101746872308444,-0.05519034024892432,-0.034908372036206094,0.06325530024483265,0.009873419003133816,-0.004650645852584887,-0.06518244392058745,0.008701159728997715,-0.0064997458970376615
JAB_LM_2508,0.03451090974376456,0.47120339215706064,0.014862649218522615,-0.051255806612915955,-0.020662813966582965,-0.009439851978205278,-0.051883957003425366,-0.02023762655547685,0.0005104893116347239,0.03816502028759038,-0.02815967355811694,-0.002995775258637278,0.013473514547668224,0.11491482045168376,0.05012566215311342,-0.029506940336633692,0.007591072404075509,-0.04813583617456164,-0.03231296072962216,0.00601951336016475,0.029499344289189308,-0.015668856546465007,-0.03623758708824969,-0.026251870169344806,-0.01956275519857413,-0.035875460438527594,0.06679604784198673,0.06155692321647583,0.03725748789782081,-0.07399944781722795,0.05955390975201083,0.036984394790301196,0.016064706862113896,0.05798708736365821,-0.030971063037928365,-0.017269099315704466,0.05710285244059604,-0.031236713107387584,0.05020271417086385,-0.030580536634408663,0.015785696921290157,-0.04845399771894,-0.033781804707825006,0.014641206494364829,0.0536143417265725,-0.02879732810958678,0.01922423054412502,-0.051895268215726105,-0.030184228692255632,0.017152736209140408,0.048671237009890664,-0.03054064817508329,0.03569376615823709,-0.04756076237998706,-0.03229555341692062,0.033727415448283476,0.002936800274102886,-0.05758444022470936,0.03159103289950249,0.05571665495226989,-0.014946244108959747,-0.0027238950724541005,-0.055577347402100304,-0.018048365642150704,-0.003944815283577783,-0.005589169631761055,0.12476078661149273,0.06172492045519234,0.029098496462368246,-0.0422902874790526,-0.0036885537293671325,-0.02780500341345748,-0.045132090867853115,-0.004858509090135989,0.03560182577657702,-0.04491061619170588,0.026973805281784596,-0.033814996509636694,-0.047147077246439524,0.025199524830499538,0.05059110795,0.05536439505773826,-0.03817069419064336,-0.05565072685935128,0.04567683225963277,-0.03952978643101723,0.0101384258465831,-0.0500506598803604,-0.030024474907217942,-0.0037763287542765945,-0.05106335951115268,-0.02952950567764862,0.0027667002864016307,-0.054268838627964486,0.021824138907938242,-0.0034459353285162244,0.13396261908157409,0.02798240720025342,-0.001216218401787451,0.07712717034381675,-0.027864051165127187,-0.0017250068486842148,0.11078538108139827,-0.02876568268269683,0.051777902199197846,0.040725092824186925,-0.007829571996500393,-0.057807050084954965,0.03552098570045361,-0.009414458368989496,0.0022311305839275604,-0.05842079148655039,-0.04687707299057174,0.0026515243867668644,-0.057704291315641254,-0.03812821875040426,0.06295199471078276,0.008407138944602495,-0.009208018946608469,-0.06440006375000468,0.007768729233361042,-0.010349923219427074
JAB_LM_2569,0.031856971461139395,0.4435626991221159,0.013604637177697347,-0.04961556214002339,-0.01892909196034115,-0.009049040400984332,-0.049430857483437014,-0.019122231282564014,-0.0007489920587544631,0.038159313469935806,-0.021746856790777275,0.0005162551834409619,0.02205189521230786,0.10851501015080624,0.046906635319132,-0.027378606043051756,0.00765290516730952,-0.04399058751431368,-0.03068119498168147,0.00398901395206349,0.03149801664481912,-0.018464053632430897,-0.038809258439666205,-0.026959248232226767,-0.021489779408552137,-0.03758718311971988,0.06187026005370672,0.04426657985942306,0.02433253837664814,-0.06875844489494773,0.050066925672814615,0.023428435458698754,0.012117696753794904,0.05838520939985802,-0.028578346732840872,-0.015610538029268733,0.05652121664511672,-0.02631395397471155,0.04616705482406344,-0.02984126817008703,0.01637149750639067,-0.044016503224826545,-0.032517265996898186,0.014018575987392442,0.04845756093214719,-0.02675720539722041,0.019026165451904782,-0.04572953671615638,-0.0300400878036121,0.017711470263825732,0.045373208423506575,-0.028770916660558872,0.034498219391613856,-0.045164418956364485,-0.030688661155165827,0.027018170938339567,0.0012541603607601072,-0.05488437585659401,0.029534491240615322,0.052384466634810785,-0.01586438211274728,-0.0014850187025420237,-0.05008720129048104,-0.020115617607515613,-0.0022016433691986006,-0.007885369916533179,0.1181998371934419,0.05547369114083932,0.029250781750919164,-0.039334565547988594,-0.005897997584006508,-0.02489833552839161,-0.041968039897398245,-0.006206470732020011,0.032542656432177845,-0.04134842351189779,0.026294273070518202,-0.03092434446610514,-0.043025992754645755,0.025002874953197946,0.05096322940993816,0.047613075798398484,-0.03300751865037816,-0.05728063712097873,0.046582507262410915,-0.03331718440621072,0.00880054111465688,-0.04918066761244238,-0.026459241337410986,-0.004414693466911087,-0.049652372131995026,-0.026974540790026102,0.0018738317853283857,-0.05092881969706178,0.018719791894447946,-0.00570436495065211,0.1273026944477558,0.024730310048671707,-0.0031748010880993344,0.07437897264646631,-0.027163370597756708,-0.0027083493985060117,0.1083323424307936,-0.01628590887201467,0.05508017753651506,0.03866826314270849,-0.0071137935719143884,-0.05778038703693784,0.03551369388126549,-0.006394434854143742,0.0035739478141740806,-0.05438159493462917,-0.04345429922474299,0.0028700620731659182,-0.053141969634535956,-0.031690731189778984,0.06165071623657498,0.010913580468261875,-0.00791201156382155,-0.06187010216989043,0.012546172641211741,-0.009666347246696547
JAB_LM_2625,0.04156430070950366,0.4451849997191146,0.013366279629111208,-0.043044672038321685,-0.020491020410805937,-0.009485660247822427,-0.04444141656449333,-0.021561303579473348,-0.00043229221215696444,0.03397747835886359,-0.027482661120812196,-0.002582877527890812,0.030558621477057773,0.1014983311369542,0.04959766507176356,-0.02732800774733275,0.006888779819427972,-0.04672936816057412,-0.03108600833254587,0.008138320146717533,0.03214117482002068,-0.01993330126144644,-0.03906557911450613,-0.030406189807271906,-0.022027788465332963,-0.04044449611600173,0.07064381498197969,0.038612916078602524,0.029493743166678278,-0.07746327592622607,0.04560615577394258,0.024554019968907884,0.01435817471716999,0.05063173293405903,-0.030286520790703854,-0.01742260669052811,0.04903368718644353,-0.032121627666083084,0.04860713914601425,-0.028603734102440208,0.01910190808177941,-0.04537592442285284,-0.03310478661228177,0.017932237899378613,0.05150933277685298,-0.028451952338477072,0.021854780820623147,-0.04904541641773485,-0.03181889405154021,0.021085683587310937,0.0497559756831538,-0.02748892811516445,0.030956189827065925,-0.04689817001449056,-0.030097142127774104,0.030130238697962122,0.0037458281588647396,-0.04552653588660622,0.03196295784622651,0.05585440330016664,-0.016372360189885703,-0.0008496518981160979,-0.053339267219054784,-0.020383300284978666,-0.0014438569478092847,-0.004218871095390595,0.10820624835221394,0.07116170911867961,0.02740037458673885,-0.038146971971924064,-0.003954758144044924,-0.02486168097193766,-0.03978942002444123,-0.006170908736082252,0.035584999889069796,-0.03746662777051957,0.029966619004799702,-0.031038455355676054,-0.03948715952091082,0.028732979855611167,0.05463815208939963,0.050229725891166616,-0.03543012463317605,-0.0549270353561145,0.04462744999370835,-0.040616018379350485,0.007830917933550471,-0.044795344618318196,-0.031373674823427455,-0.007950729452700436,-0.04354570200039317,-0.027898819092172206,0.002622954800222656,-0.04549703711367348,0.0216362106540551,-0.007912084129081077,0.12270984738908637,0.032374292557358984,-0.001460424576664239,0.06726454617840238,-0.03094299569379083,-0.004814176239730667,0.11040934527199243,-0.01927356394684045,0.058345283800036285,0.039644521556656535,-0.0073464269451297415,-0.06010133524954007,0.033654664158939085,-0.010903309321372843,-0.0006785476523948461,-0.05251354553047852,-0.045686477139937794,0.0022841625080123654,-0.050377250629477954,-0.03585783144639597,0.06383653628275508,0.006913215427240459,-0.00716235477013295,-0.06497878144904908,0.009247731270383234,-0.011105021473371493
JAB_LM_2652,0.029378243071446923,0.4454877865672328,0.012935375770403235,-0.0451428361112459,-0.01930757510489713,-0.007222690150750153,-0.046701196223086494,-0.019886257384037615,-0.0004905058802501417,0.03804823011846949,-0.027365576507194622,0.00024177162127653553,0.022310857796906648,0.10950970167712672,0.045560920067298914,-0.026544709638595423,0.006396323469407843,-0.04425230623155104,-0.03131946848910314,0.0056625020576041565,0.029974597328542393,-0.01952310985962593,-0.03972285039012313,-0.024445379118286818,-0.01667140387654896,-0.04020625922344979,0.0641924044396156,0.03909001433435059,0.029866177706996858,-0.06994027068213708,0.04724775423349582,0.024240536205753123,0.013605484875566466,0.06093958623165548,-0.03269008942027891,-0.01682085707094924,0.057203400472740494,-0.03056785690494224,0.045469843771116174,-0.03177139947548563,0.01912964249364056,-0.04436155339369423,-0.03592124303330207,0.017387782718925715,0.049124084696176094,-0.028001654111099818,0.022202874864244274,-0.047559599971422124,-0.03323156763449837,0.02026639433927475,0.04555815879516071,-0.029748879980135066,0.03463965020326528,-0.04642997227228382,-0.03195617051434746,0.03543703234009392,0.0031041866549686254,-0.05243797894930503,0.03301610381528818,0.05146330463152412,-0.015812288309508444,-0.003725806698226867,-0.05084968728226012,-0.02083860624557802,-0.004054544388721542,-0.002508399139933,0.11656337735289489,0.05583560735848604,0.02407451526669899,-0.04024621187601465,-0.006469190597158706,-0.023442759618072066,-0.04166966360708456,-0.00794151319367415,0.03143123176307718,-0.042213066215065306,0.028726157665376444,-0.03173343936285468,-0.04403547110860925,0.0267595493380707,0.04963279804849037,0.05519060315133361,-0.034778705867382936,-0.053960133489229026,0.048657726720238575,-0.03620816063835255,0.00824082645626538,-0.04683752521471485,-0.026946253001100783,-0.0017038583030924567,-0.0476056451852733,-0.027244355466158172,0.0020797390036158326,-0.05005659027549287,0.021956067096670893,-0.007270055972827091,0.1221874385478014,0.023944227163778902,-0.004049501054012384,0.07643359275132239,-0.03281262706857387,-0.001500247315125995,0.11348773985945342,-0.017555722020863935,0.049091374747849165,0.04008393510597397,-0.006470972180363166,-0.05305471504780317,0.03654276758927285,-0.006458016409272791,0.003754174946234844,-0.053004428934313466,-0.04804280376629407,0.0034571886540424018,-0.050837571116889316,-0.03415570325622259,0.05867197832983823,0.005816597848888928,-0.005496613258625187,-0.06006802851122661,0.0023250638701247414,-0.006868877768089608
JAB_LM_2681,0.029151972638920075,0.4461435001639977,0.013199030064757325,-0.047840899208029204,-0.020690973285370687,-0.007890598983835248,-0.048477691421819166,-0.020656301559735458,-0.002184769160504345,0.038070314671136085,-0.026620845287309652,-0.003841830876654029,0.017944574638152886,0.10792694218822799,0.04766655925108001,-0.027484972386594406,0.006963419050943703,-0.04392634281095759,-0.02863977196296465,0.004483823687966864,0.02949440041731596,-0.017785781495013253,-0.03813528023487278,-0.023734933528349288,-0.01839916611881818,-0.03395636223878809,0.06492207396152035,0.038364716116164134,0.02959394879128649,-0.07380206982882645,0.04808282166124202,0.02436051766828517,0.01398361169991513,0.05480664695391392,-0.03215080303056006,-0.017423835467009104,0.05497524906336059,-0.030398638095648755,0.04838299799748732,-0.030308137461861666,0.017185875826518576,-0.044830153902506914,-0.03222772919565907,0.016278369470697256,0.05162470239662252,-0.028416643718633592,0.018660805069085247,-0.0480632691933213,-0.03330021724845594,0.019429359318014386,0.045116336132277994,-0.030122716653928724,0.037297635750029666,-0.04426865086189332,-0.03240247459238457,0.032598932112399684,0.0032670355197147493,-0.04960742801689682,0.03415069965254107,0.05631540203850564,-0.01132808941654494,-0.0054628692084171555,-0.05454675716548324,-0.013944461827275637,-0.00458019436540825,-0.0031823753531981963,0.12134981337993088,0.057897111322614735,0.026602767829840536,-0.04130840723984026,-0.006980227097518315,-0.02625848151678764,-0.041383516238836585,-0.007393066558939291,0.03212539218296379,-0.0413209975730566,0.029048342392181667,-0.031133536442813248,-0.04240055909431272,0.02748955246718782,0.04775481698176083,0.04697568643400737,-0.037399716316485636,-0.05176621974863691,0.04356765650942409,-0.03764998824500891,0.011340324941024538,-0.04642652375046696,-0.028386318217319073,-0.005167648563009947,-0.047392130294632885,-0.028184618634612846,0.0029767995666017777,-0.049993287194357756,0.021557035955778573,-0.005778800903457403,0.12679834050152336,0.023016199554611098,-0.0024313765704789586,0.07528294703482827,-0.03092589045490565,-0.004220561916831205,0.1133611684137594,-0.010535601533231038,0.04924382287934432,0.04122876824517642,-0.006063705947492519,-0.05383046657989582,0.03442958163726848,-0.006588672917975231,0.0018648454931945318,-0.053604455624134684,-0.04419842480105095,0.0028260537536166012,-0.05085953024842004,-0.03419891256449281,0.06194223842301204,0.0062085584713617685,-0.007666944348266562,-0.062366532156105804,0.003528744251688668,-0.009114215334960271
JAB_LM_2687,0.03607282251690901,0.44953309417240583,0.013494178878535283,-0.04375100412625513,-0.020346178324454952,-0.009297696625888236,-0.044971196742857496,-0.019749865131539802,-0.0006771422039150305,0.03663847916440762,-0.029843919532298067,-0.002850584879563789,0.016390308906718984,0.1041097841869882,0.05050000388965164,-0.029791305159531826,0.006890739300016216,-0.04865598869052571,-0.032719697686676597,0.006907242488891982,0.02917374095784881,-0.013113196923834284,-0.03768594013170722,-0.02832414225755109,-0.022220215066598097,-0.03755026391806392,0.07123010775677212,0.04592826532668937,0.03449736982546997,-0.07778634508332584,0.05032383803856294,0.027337609631503567,0.01419763733059956,0.05509613473937603,-0.03344109245615351,-0.016539232781315714,0.052620012458856384,-0.03465998971787085,0.049316491326499526,-0.03111410763656803,0.01927385287445262,-0.047728682908087856,-0.03355567736065213,0.017776762761857405,0.05207758720428985,-0.028764365284606064,0.02165558964596093,-0.05072101439621516,-0.03185542359868637,0.020415812398399746,0.04502486199780771,-0.030367608517028022,0.03463545978789052,-0.046317411551105914,-0.033292740088560153,0.03099423008277582,0.002379351584863121,-0.042193858096041495,0.0361213739553092,0.05915899772586447,-0.0176437867644888,-0.006255894128165114,-0.056915845140661586,-0.02270718024127343,-0.006213074048284693,-0.005081451077121107,0.11839174311641004,0.05293371981005932,0.028419008460074138,-0.0384869466045395,-0.007509301084569802,-0.02719676708348475,-0.039759214618873655,-0.00823790889082295,0.03415740336629042,-0.03598580055190018,0.028454950471259774,-0.030459473071098853,-0.03863778851778367,0.02894133039105719,0.0520487192054665,0.047892665509343915,-0.03534598569548159,-0.05578329698890266,0.04271217488229326,-0.03280980272966796,0.007970830552669656,-0.044450314316183605,-0.027290046827952125,-0.003546225925485336,-0.04496100984022714,-0.027212121598466133,0.00200041778251567,-0.041572415197307463,0.02152619363318278,-0.004332155543505652,0.11988376075929111,0.03715978680640377,-0.002742243036542991,0.07469091343134587,-0.03633977392101947,-0.0027790456293793025,0.11471733754078269,-0.010447059637139452,0.05453264679105421,0.03545273113603311,-0.009383268771311121,-0.05552919962812617,0.03169290971546364,-0.00954576216305095,0.0033903059474594045,-0.056318330737841066,-0.0452125831553848,0.0027379662500685185,-0.0513918605842114,-0.033809544572056226,0.06724999602204074,0.004694108883773677,-0.009369169911784879,-0.06579630852856859,0.0024996606531769733,-0.011373261704233445
JAB_LM_2697,0.03550829499390885,0.4459286510011671,0.01578471578800552,-0.043355774806241414,-0.023015953674705956,-0.009822193016385095,-0.04424776782941533,-0.020799353245505452,-0.0018303281472345956,0.03494559895086323,-0.026481431657504252,0.0010100643894831584,0.02396043518824677,0.10753484600998342,0.04746269580387159,-0.02887692941312076,0.004469561996017569,-0.04438763884891771,-0.03241061082253611,0.002979574453804246,0.03273749268931284,-0.01976837448139363,-0.04010861725972604,-0.028911579790552273,-0.025804690921801456,-0.04493818191016787,0.06724287058721869,0.03917021122844494,0.04016597304377841,-0.07307993506737055,0.04231674715723966,0.037138108409518124,0.013659886056093399,0.05483829050000097,-0.02919070155544429,-0.018350551492741816,0.05224752044822562,-0.03083149951904846,0.04729629950741771,-0.02946194320718863,0.014503867857300868,-0.045265397564415256,-0.032927688110630765,0.014375428610219124,0.05033613014084232,-0.0281332624805027,0.01822688444434432,-0.048046728469266754,-0.031951764911164054,0.016798405684957007,0.04757775158967806,-0.027566603667063205,0.03419484529452378,-0.046368940727184935,-0.028854661173343003,0.03419574291575582,0.002527949833787443,-0.04637322248954846,0.03330702491397224,0.05405532621981165,-0.015727505180488644,-0.0014592333683131793,-0.053381579672213936,-0.018869436571698116,-0.004751396609707217,-0.004121529045407305,0.12435376650916008,0.0520844992437857,0.027243893233496807,-0.0387861916380686,-0.006018037167736559,-0.023648779329977047,-0.040039109829686025,-0.006011235442776328,0.03550492473439993,-0.0370655813980044,0.026231816123662176,-0.033077881809952664,-0.03945127934844006,0.026255076725819695,0.05286731083119903,0.04452408814276721,-0.028472248687040288,-0.05823852230343883,0.04164755756929664,-0.0352871862489181,0.011649070252792573,-0.04352387927163272,-0.028787809212225,-0.006879756189178868,-0.044548474945480726,-0.02580091163018193,0.002986466520824249,-0.04463709562802626,0.02098357356840857,-0.004569049889054068,0.1278794094718895,0.02097416075535242,-0.0035084658357929246,0.07184921484490028,-0.03390941215773215,-0.002046859640312528,0.11899593579751948,-0.00916264237309163,0.04900703514228126,0.032193128415374805,-0.004464148984244408,-0.055491340480125335,0.0288955897839838,-0.009897816225716395,0.00209817040080596,-0.05470830147799176,-0.049111929060524584,0.0027526401626981442,-0.04891860814040456,-0.032922372770535974,0.06007490821624562,0.0023363163396696762,-0.004633909005728191,-0.06284854478074346,0.005854947396288698,-0.008363362284629229
JAB_LM_2699,0.02754983788260653,0.45241011293405564,0.015835235349480607,-0.04727600079121269,-0.01977978226388189,-0.00958682670612279,-0.050374838748247414,-0.01947880050785554,-0.0004898275239480953,0.038739311172294504,-0.024432591528818458,-0.00028048767402803076,0.02028030240242119,0.10510742639248467,0.04962318126818002,-0.02782560238189953,0.006149648401679942,-0.047786130126079164,-0.03161726567396301,0.006559823435136275,0.031419813288603694,-0.018469675404159617,-0.040366615939214014,-0.026929988978938627,-0.02065772452935001,-0.042345161788818385,0.0662265014096977,0.04347411316307987,0.034421683379818165,-0.07212108250809893,0.05109934343426236,0.027920760728028356,0.014920075072941873,0.05798065568902799,-0.027299134976349,-0.017535152574445923,0.0567756000051054,-0.027470214272256762,0.04908182580637307,-0.030880701878766736,0.018894723156882728,-0.046852271057634724,-0.03501721149020292,0.01818842666534063,0.05100108114569934,-0.03068954331812723,0.022248441472599308,-0.05075532172635362,-0.032753728846189205,0.018715110431603094,0.04906553590769239,-0.03010621188144034,0.02905146695029563,-0.04706672762034285,-0.03350024880693465,0.03195825450097269,0.0005868837253317381,-0.048277104265827965,0.03355213818682859,0.05576821988553808,-0.015862689777279986,-0.0012097072494791185,-0.054592271003383756,-0.01823331778458717,-0.002984092896946454,-0.004722567839270725,0.11693779986210004,0.060636789791634546,0.027099311938094162,-0.04067514595632216,-0.00547388219783516,-0.02540677870501973,-0.04385958434038409,-0.007928601105863693,0.03442151870320661,-0.04011126276546483,0.029702572397900084,-0.03475054830060133,-0.04267976456876787,0.029132853006897882,0.05226274607955618,0.056622364680116916,-0.030679137538968244,-0.05624757432517472,0.050900858636447645,-0.032958904648083265,0.008158541541557292,-0.049596088530428746,-0.030557717249405814,-0.0030409068345384187,-0.05028020994870832,-0.030663338181356695,0.001057921183824227,-0.04791797365111922,0.020997209995936048,-0.005393725250699296,0.12562090739438805,0.007141102835444166,-0.0028579002769568485,0.07831783911614416,-0.02676363372539255,-0.00466388570384556,0.10842824258637593,-0.015517103761260984,0.048950603229396095,0.04042469979203843,-0.008436775272131021,-0.05014450130891534,0.03514535825202943,-0.0075185307031556394,0.0042864425617524845,-0.05632813572565672,-0.049605843807786085,0.002618458316331592,-0.05297429995615868,-0.03528041759667261,0.06243777925644519,0.010052770060579972,-0.006997416499473068,-0.06359719962530387,0.005164164774787163,-0.00663102801847834
JAB_LM_2700,0.031184771804684864,0.46297039438723864,0.01543232531271476,-0.042888880401481665,-0.023304371174844553,-0.011497741917803402,-0.04555597993705475,-0.024511097894363863,-0.003181414877460699,0.04144002718409574,-0.02329791470830961,-0.0011488955892253255,0.02466691478649973,0.11193379638796527,0.05231932435110978,-0.03162762732581545,0.00834063365884346,-0.049619048019366806,-0.039199097339404916,0.004326471546852354,0.03158892806499455,-0.022468370991048016,-0.0400664896647856,-0.029048249049501776,-0.013533503113541217,-0.040027318980859136,0.06501803574102318,0.038181464208186196,0.033543492834473096,-0.06762623127461327,0.05126350243985259,0.02551251048635663,0.013078681754985723,0.05816038330693594,-0.02948007130499883,-0.020602426083408343,0.05640796594396895,-0.029760647937028553,0.05035846185275644,-0.033158150571356515,0.018029299327732118,-0.047994935318578645,-0.04138771831058512,0.017119447879396635,0.05336310742356513,-0.033330881912123383,0.023824635176953934,-0.05190512575264748,-0.03916284863746968,0.021913479943692554,0.04821592461492796,-0.032670976716214224,0.033924810759231074,-0.04591853365946934,-0.039492497293399584,0.03486181611516345,0.0006869505959562409,-0.05193536609964998,0.03571872559856294,0.05911951931320247,-0.014736925412441204,0.0008046136887825265,-0.05737674750564607,-0.02239592264452522,-0.00014584992295992074,-0.005764111865439626,0.12495711994092452,0.051912225020155627,0.031330936298037654,-0.04118839007955152,-0.005485605134839135,-0.02736390365957688,-0.0452687542601698,-0.0061514077352467994,0.03493446816179838,-0.04167964334182128,0.02938144884633665,-0.03495530145217571,-0.046840471996692216,0.026993685430419245,0.04998858418152427,0.0559111752336482,-0.035248017283304206,-0.05293023886807079,0.049071337595201305,-0.03583653422049056,0.010572271000858603,-0.04404171963314673,-0.03007001497084714,-0.004756150665107054,-0.04606894301049331,-0.03144390303492027,0.0020286603609712744,-0.050546572231650565,0.021353917495664964,-0.002709366033726947,0.12876824447628846,0.018126333342342017,-0.005142530474881548,0.07504902357717652,-0.0333299641371919,-0.005620786106807277,0.11552543206568332,-0.015544566529458478,0.05086803353416331,0.04217062916483026,-0.006656780516768655,-0.05367229661802253,0.03370438506353147,-0.007401446153849545,0.0033543926117079272,-0.05424115157692853,-0.0462121915752788,0.0033521508302810092,-0.05059405940100132,-0.03515942538136793,0.06607424536143192,0.009365554500528025,-0.00825477461496648,-0.06285096657448107,0.01937129275021492,-0.010232950662244564
JAB_LM_2701,0.030018931653078743,0.45779027445298964,0.016070835058724357,-0.043727981128413355,-0.02108568249636605,-0.011932464864550142,-0.046063114774434324,-0.02070733420619092,-0.001621751610199069,0.03988391502588653,-0.03152842026206425,-0.0005613031438100144,0.015935522888531582,0.10902467749168547,0.04899143680495809,-0.02825916058749704,0.007865317844227698,-0.04754137994424259,-0.03262887879076134,0.005790401775520441,0.03412812847632027,-0.018590234020521696,-0.03965868153594386,-0.03312938073380649,-0.020216643358138043,-0.04191677386151759,0.07255864134545024,0.043641085532567896,0.032130571942079224,-0.0751186672612637,0.05470825646381202,0.02541347480109561,0.01385970381881082,0.05821321739209696,-0.03164507867653193,-0.01867834336354653,0.05680302375375973,-0.033509549722411824,0.04899817649126646,-0.03109886905118052,0.019113856107394887,-0.045784459875573356,-0.03576867696144512,0.018228930717317036,0.052344517457940214,-0.029897746000103694,0.021802100430110893,-0.04996481731897379,-0.03519788515577453,0.021751489707069617,0.04598275228580982,-0.03065211604593596,0.03632688473483735,-0.04485712419466232,-0.03610648919535737,0.03315590901185007,0.0005655321937250437,-0.04887717625899213,0.034654020981031146,0.057124643086492975,-0.016314271356546978,-0.0025814234623242663,-0.05654873877931721,-0.022044881278599843,-0.004456869714423912,-0.005210208448573954,0.11728264903088689,0.05315339510033485,0.028414408749756856,-0.03915790499008564,-0.0059113985832069975,-0.0246613191831472,-0.04306979155718367,-0.005877893735714573,0.033548518281088645,-0.03961042222762416,0.0293663253388233,-0.03283471722642593,-0.04348801581370707,0.027468714503084937,0.05745138799282362,0.051580392017449815,-0.02940440705664207,-0.06221698752513835,0.04532800608531368,-0.029071687696218623,0.00935021856274919,-0.04430977854147296,-0.030181748174499968,-0.0038318918872655094,-0.045557466595664974,-0.030428377102454256,0.0019419140093508613,-0.04784112636150607,0.020974608055447364,-0.00547754274948519,0.12278438620991272,0.00558893520144998,-0.0022992152669547494,0.07735013921539981,-0.030704802667509728,-0.004060855180356025,0.11961469453921623,-0.001551519030189646,0.055218291716861094,0.03914725318337286,-0.006634776742256004,-0.055356787659528346,0.034684613068102124,-0.00826652928160548,0.00292894222500616,-0.055005185936224096,-0.04866156183224714,0.0032602361770829274,-0.050337612643387784,-0.03410548484272091,0.0656999965834757,0.0036613378532074146,-0.006006834235816328,-0.0667503251008729,0.003202936371042113,-0.007912778824503528
JAB_LM_2727,0.039954953601861014,0.4676262820896665,0.014118491144630272,-0.04771711828528058,-0.020813970116202545,-0.009272924798516678,-0.048160697628760955,-0.023248805119386737,-0.0024835420656022745,0.04273865981253982,-0.02657350346861611,0.004538087607594593,0.02454779001146355,0.10569204237640191,0.05068494191449095,-0.02892420918928234,0.007141129694053499,-0.0483357810298497,-0.03387161003626531,0.005588994677703027,0.033732466229551984,-0.024562688390872136,-0.03947504383465699,-0.03046662194558835,-0.02720462408984633,-0.041403778672072684,0.07050328558966204,0.044704537814164697,0.021652969743113534,-0.07516951581214527,0.055902370074109496,0.010311416850936457,0.014206832625834727,0.06634060847061249,-0.03045181654973335,-0.020632216536556027,0.06368596503558799,-0.02913283077945563,0.04954780600894871,-0.03008114292556252,0.01981197917110837,-0.04639603012138457,-0.03535918430710292,0.018300274802993184,0.05265051461450784,-0.029862473256261263,0.022939409764732754,-0.04998528671279722,-0.035859609786139446,0.0211465010282506,0.04973338592378273,-0.03353427411346443,0.035715212122992133,-0.048707025744059614,-0.03728185921243027,0.03334187666600863,0.0015700312908963887,-0.05619136464487905,0.03374241274333452,0.057502762195578504,-0.01658164393351445,-0.0003049121211294269,-0.05472465045562165,-0.020946762593529168,-0.0027872942010726217,-0.0033159155997338594,0.11313873536407533,0.0676275433370192,0.028261811057005606,-0.04088458723802694,-0.004800228133387872,-0.02614725971153987,-0.04346961007879213,-0.0063032406254802335,0.035881606663379265,-0.04279048526399902,0.029037296580428577,-0.03437765995386383,-0.04570883151658689,0.028185493815154856,0.05339764988781636,0.055342482983050126,-0.03206036000544721,-0.05769969964499075,0.05045493900257096,-0.032102097032338704,0.01127465670676698,-0.047584473872728135,-0.027808956471932086,-0.005488422158153422,-0.0485887243201607,-0.029147650304731175,0.0013667857745253698,-0.05277637646548321,0.02580685836824467,-0.008666928092877373,0.12544862333746903,0.012038917261015058,-0.0036604177006738605,0.0840253338440377,-0.029734418670799907,-0.0061307082999370694,0.1152042580095097,-0.009234947458644793,0.05379305907431743,0.04354015898065003,-0.006180531115385465,-0.05783770720465584,0.039184521243412415,-0.006989626798380553,0.003956041254573903,-0.05837808639444655,-0.0457281342720137,0.003047999260285061,-0.055893926538195166,-0.035731007156417215,0.06725648110235082,0.004799254639664774,-0.006556763993324745,-0.0675263823379523,0.013156125458691787,-0.011510412102881184
JAB_LM_879,0.031266291207957646,0.4695868471977924,0.013496913306747535,-0.05087728821283796,-0.020266217067394704,-0.007392982254449967,-0.05178588457683889,-0.019321738156864204,-0.0014874557043802969,0.04124635873147529,-0.028994705062771714,0.002163499789784926,0.018410435558408923,0.11045399995979421,0.04882698592086802,-0.028840652493396166,0.006562937959869108,-0.046534478660886336,-0.03414497676250945,0.004634270505701583,0.029673561533046115,-0.02409404294624609,-0.03867924404553,-0.02561261141075667,-0.02995493561985197,-0.038956680248636556,0.06742996978423263,0.04911102992581714,0.035893077202821366,-0.07392145131458304,0.04826955322464079,0.03512272204688737,0.017259067208597063,0.06367976914091242,-0.03353973529362235,-0.021017984792348218,0.0603552335007331,-0.034924963099287415,0.04966274933423321,-0.02983689739755483,0.015291949267167313,-0.048282847276924654,-0.03527952109567175,0.01403185541298767,0.05321333634608489,-0.02775040603946977,0.020083280960333294,-0.05208046694849872,-0.03487952030863035,0.01856093857687082,0.052028286103545214,-0.027894791181392396,0.034918086666015015,-0.05142052810415488,-0.03318589245480063,0.036164967753049754,0.00032478113337693944,-0.05276106866457065,0.032320440789875116,0.054297937681531315,-0.015516077592990923,-0.0035633391784664404,-0.0534521255701231,-0.02338954960046579,-0.006791286608947278,-0.004432346879775816,0.12312545929316845,0.055736363316968573,0.02696236656605207,-0.042703914065830524,-0.00430472702199281,-0.025130817322237053,-0.04540645721207824,-0.006335414370389361,0.033628157507951256,-0.04239543385204694,0.028317260969953895,-0.03497495469054431,-0.04485401374682062,0.026161266889760143,0.05320033822754778,0.05170364179692275,-0.031574576398146856,-0.05529674392848878,0.04682261351919086,-0.034720162893512145,0.0058332838289999875,-0.0534651534682728,-0.028255269553469825,-0.0025072736677762037,-0.05161524142359803,-0.027478800904624342,0.0017713647147362145,-0.04912739678657551,0.018827499822022167,-0.0018612395456521008,0.13027539773178615,0.014648076347433253,-0.001934920436956837,0.07984822476609349,-0.0345007009054512,-0.0030385316905643107,0.1258393940167139,-0.0012642650204804106,0.055860744598815876,0.046094199169430826,-0.005935720680895733,-0.05861309213726662,0.03727925618481265,-0.009442593514421874,0.003914320518801884,-0.05658487734505512,-0.04493607847725783,0.002670687999046751,-0.05553357838009639,-0.03527527014905648,0.06048533470502612,0.008316435375592197,-0.007281064959903694,-0.06371083447265787,0.011500569291902855,-0.011386440836387452
