,PC 1,PC 2,PC 3,PC 4,PC 5,PC 6,PC 7,PC 8,PC 9,PC 10,PC 11,PC 12,PC 13,PC 14,PC 15
LM 1_X,0.0076863355598222926,0.03319430230987093,-0.02419069929065513,-0.011854785620317143,0.024946559686786003,0.03555111833276026,0.00010070756178823123,0.035038034008396404,-0.05897277620075608,0.05517680134516162,0.0348270261558774,0.05210160199330641,-0.0036663508780396615,-0.009136317950397422,0.01076237001080263
LM 1_Y,-0.0027613117704796963,-0.006539340494562951,0.024078779198938582,0.03063679051938334,-0.014359126360067531,-0.05082084722007413,0.061595158949448274,-0.07019276498394286,0.04880947186653334,-0.05102970821402439,-0.017921006145892523,-0.017054143459224624,-0.023422766079459312,0.011532223001905794,0.07450538506588504
LM 1_Z,0.03483664265276348,-0.051355929594077476,0.0073673301319782634,-0.07405102260521426,-0.06440066617160838,0.09180509487110466,0.023416564557930685,0.014001429862599557,0.04483823288426986,0.14617364570630337,0.13588193135001972,-0.0017898607534906352,0.051943883654713134,0.03165840432086758,0.001655473269409386
LM 2_X,-0.028628266916955192,0.056475233051061835,-0.01616823844129478,0.03621760728082227,-0.054371448519713095,-0.04500902166439412,-0.09869868121498872,-0.05547980708419513,-0.09097595248027308,-0.026461079752361255,-0.08299756855256066,-0.11464015943112502,-0.15121957840950054,-0.011222269836263423,-0.1848392713689631
LM 2_Y,-0.0004344324894611229,-0.025521766904468335,-0.007136033723909502,-0.033512084264598924,-0.030825988289157502,-0.019769692198172317,0.009691517055323872,-0.015134962008552709,-0.04995513958909266,-0.02826152032417195,-0.019314121927270306,-0.02045784672710299,0.06792963881745373,-0.02106435344212109,0.08033052404604284
LM 2_Z,-0.0024260157076806677,-0.060460871730123544,-0.008605794547540069,0.025152307141220298,0.08708695552001693,-0.011023232636730773,-0.0813985880358903,0.09724928938040026,-0.013555552605943239,-0.08822808214181241,-0.0032486402294706063,0.20563591656636948,0.07931378357151872,-0.03574788884775608,-0.07140282813266481
LM 3_X,0.020777842383413073,0.025282134825587485,-0.00537636580636891,-0.045337487137217844,0.014791106709494795,0.02180504409911732,0.01742339430289164,0.036075696066942775,-0.05323270799349811,0.0008593428592170334,0.011648735506052443,0.011778638479305159,-0.031359284706543165,0.02887699393891921,0.3630366822373624
LM 3_Y,0.0022671866207673763,0.010430163200389801,-0.0012340280441549278,0.035570042976299954,-0.006895823616780761,-0.022918027274177244,-0.0013921857209252036,-0.05326928930810734,0.034237766758160454,-0.0097255286398166,0.01715856614107752,-0.026833117830463493,0.07873073234340114,-0.020038603024666535,-0.062061813781965375
LM 3_Z,-0.005426848861307308,0.07857006998113109,-0.026763445701443428,-0.07765600486061142,0.014103650200373019,-0.01732061491766114,-0.031247594934891338,0.009846359051929987,-0.03474900729041787,-0.055835025173411046,-0.04941927832712098,0.004338357339906035,-0.05963425765908831,0.09733216800106914,0.5848204897372842
LM 4_X,-0.0023474326853671706,-0.043472528240575535,0.023871672388359216,0.06523894599868585,-0.02375077148728061,0.057685453231920536,0.023114811022845443,-0.018907657103502562,0.04124738001457018,0.05477350564626898,0.08339457474095457,-0.018423608217388393,0.06927487923087856,-0.05764416110000059,-0.0003283850503476817
LM 4_Y,0.055207626337520146,0.04985498214182732,-0.10360675746472982,-0.04991312889851281,0.050744029292907944,0.1062091690939663,0.0272883997902512,0.025827731778197083,-0.05438766053148364,-0.027464164316745865,-0.12856870865180764,0.0750846254050973,-0.015526455011301031,-0.10470746686226917,0.15513176162119274
LM 4_Z,-0.044077510210573594,-0.08903911590319721,0.10342509171613111,0.042411512479225956,0.01521296297160948,-0.13245672010729553,0.027919939055900844,-0.06955000254464416,0.06702877338192936,-0.013822479809967703,0.20241816563157422,0.017313464579334525,0.000519347136233736,0.2199515012817272,0.163183784910024
LM 5_X,0.022251859811246014,-0.026122806884312053,-0.023821128257267232,-0.0632811941406427,0.02628349133984724,-0.08044520150971472,-0.020209913740169706,-0.055520417768055365,0.010002318150784284,0.005743237502058796,-0.02373442586848784,0.11202775354069987,-0.03279905016348372,0.07227259941695331,-0.035049906070962464
LM 5_Y,-0.04496863506887295,0.010889081647771174,0.0216656866471263,0.08693785866671708,-0.005510305754115229,0.04540514859453894,0.005500640365912468,0.03511561723157098,0.07759810072184849,0.034648773027614765,0.01282243208672218,-0.10268472765884218,-0.0387764812031377,0.004078949462888906,0.1335000588825373
LM 5_Z,0.015421238128180035,-0.014705129367025681,-0.012911982340445976,-0.02190572152360448,-0.09317168886326826,-0.01958587131849731,-0.025308052845187223,-0.02530869166237272,-0.0013975970400770428,0.017519674595025042,0.03304475120474412,-0.017182139267681792,0.07235226503878683,0.04089090593716474,-0.07730013246530378
LM 6_X,-0.003626366243110404,-0.015020257833499475,0.025917539292533483,0.019656797161981862,0.04746238200227587,-0.05371585676204498,0.03419786328604696,-0.011463901212298377,-0.10006563977590914,-0.06937938390546837,0.024898733041535337,0.042661907062426056,0.008765182116172401,0.07151949392647713,-0.06616807480622583
LM 6_Y,-0.013768255774382069,0.07949043267983971,-0.011979599750936142,-0.0917123046868322,0.024467564664899806,-0.00649704906001974,-0.022051909912213803,-0.028465358028892072,-0.10597428134093637,-0.04709416186482249,-0.05652830619035718,-0.03919769809593122,-0.024053530436476223,0.013260736664605036,-0.23125249891021504
LM 6_Z,0.01610195001715753,-0.03850013276088424,0.019752688084064014,0.056738001607903064,-0.010421187486980768,0.029148845754561736,0.016956353984816243,-0.00610682861204097,0.07088753402944561,0.0021896563627906342,0.07318946049888227,0.003412926095316597,0.0316213766752565,-0.05260135114565376,0.14131211323181553
LM 7_X,-0.007147401851258414,0.07588148221071858,0.007580108108118292,-0.07365984474417599,0.026808506187568654,0.00672575363955547,-0.03669716883318347,0.02697983023201852,-0.0944828941906412,0.0070500480894045104,-0.010464620666742344,-0.03238190107867766,0.004637682736697662,0.006819000551343013,-0.14368491321143984
LM 7_Y,0.012573388308523805,-0.03569357577334822,-0.0039532778411623445,0.06427913423126612,-0.026159989874072042,0.03436742044622204,0.050538805485568175,-0.03569227055595532,0.09093280442802662,-0.030568460272077515,0.007461612902038316,0.024055864026934777,0.02615809615476419,-0.05979486748315044,-0.020122749621707153
LM 7_Z,-0.002087688026864016,0.054917464145385994,0.10306471135135337,-0.10554972674104655,0.012150249649546443,0.09691689069824043,-0.13915463213615087,0.0003375976532261603,-0.10986772755161546,-0.04490736863015756,0.033695582675608564,-0.06896990287196297,0.005194509668957715,-0.03127590344705579,0.1941502785739803
LM 8_X,0.010726151405663936,-0.03077731526955639,-0.06632635501024148,0.09563329718093598,-0.009510552035639995,-0.022878875586797336,0.09351582454798074,0.02446284198858735,0.14429832571028187,0.020783089945129007,-0.019722153432751664,0.10329233105728636,0.03629779258295699,-0.005669075899506898,0.08676404163499063
LM 8_Y,-0.004062837276648751,-0.02725010905109978,0.015780063744817108,-0.024652569834467647,0.0029428388739691346,0.02276085340187277,0.026085431136494672,-0.04481592426496217,-0.074179933969174,0.0017753652409460766,-0.01662385640946277,0.009252534908340496,0.008028400121924328,0.02848090436120641,-0.04141410167869075
LM 8_Z,0.04822702725621661,0.0781698492403956,-0.046467678558509924,-0.09536836870929302,0.0613741920470535,-0.001030670013680402,0.011756940593048408,0.09839704798946546,-0.040541467333389404,-0.04284910385502408,0.04093621712664108,0.037253701597076236,-0.08788172756556219,-0.016086617687460676,-0.05647060422200906
LM 9_X,-0.029427511723131607,-0.06220884930472018,0.033603823983184296,0.11443447401781687,-0.06564890313263946,0.004533918518234888,-0.017660220068539758,-0.06145607869228479,0.06844915176410496,0.04465088515746666,-0.06116012004926051,-0.0858512987408038,0.0009038056761262168,-0.05410004795454717,0.0450331611272021
LM 9_Y,-0.007784825423583452,-0.03289391877939966,0.06259288442949747,0.022987604492502874,0.006706496709093523,0.011343571433312404,-0.028720444740423446,0.09348189405665686,0.09717541940521922,0.010047883871093451,-0.03538370640637509,-0.05645917688985341,-0.03289985463038657,-0.08611723371804593,-0.03857324811127055
LM 9_Z,0.004358137827985334,0.05556313435008913,-0.007037249398222407,-0.06956692128605899,0.07745696336278539,-0.07111321136449805,-0.05164203688788599,0.05183902784654692,0.02208695132290716,-0.06575752446531517,-0.013220440452575834,-0.05913721427189516,-0.025172485192292263,0.0619442589554886,-0.02588816360544359
LM 10_X,-0.024639820825585353,-0.027379779346736282,0.00927170399115905,0.06677563111058644,-0.02996386315675758,0.10657020405645079,-0.0011427504264786448,-0.17826757875716087,0.040106688534781325,0.041946827054245975,0.14213426250599911,-0.03737388821758927,0.07432342586066362,-0.0811352801380036,0.0027967028068642263
LM 10_Y,-0.009219203851637365,0.02394079392431456,-0.011072119421960186,-0.040150683524238874,-0.00692383037311997,-0.03353468160064195,0.06514928833967096,0.059852286555428034,-0.051816844160112244,0.06908120183977023,-0.17772267412001164,0.021585208070657117,0.03407183417378847,0.09160510837904623,0.020785919794067742
LM 10_Z,-0.009533397762728064,-0.0034985620911728147,-0.008921016009963187,-0.00044850907811034153,0.0007008711010571555,-0.014881531959532741,-0.02245712738073968,-0.033682964013316545,0.1068738149712855,-0.09821045403730917,0.12680915958751118,-0.02659853616373388,0.052782295136331814,-0.19556177137072056,-0.009390808232340182
LM 11_X,-0.02994050344683026,0.012213744654237189,-0.04524701371737204,-0.052491740948610296,0.08105829828732336,-0.013318419558584236,-0.014366397561254596,-0.09351449713926022,0.007426253080307511,-0.004820664189006858,-0.06923243397191829,0.046684111025298604,-0.056286154110414176,-0.014275730916961629,-0.013980979469614562
LM 11_Y,0.02806771196946696,-0.06978420685432053,0.04034617931288614,0.13072401978879652,-0.0746215978621291,-0.005755685893685337,-0.02195771598340252,0.0933345087751557,-0.02536823297885717,0.1115701083230677,0.010541605346099752,-0.11781258376837636,-0.09548113928074757,0.037991397798270134,0.06483300771340249
LM 11_Z,0.0056609677002706785,-0.01295372003801457,0.02391530599397223,-0.02576830078621832,0.0963634271003282,0.007726660009082344,-0.05843708250922587,-0.08465937821125806,-0.03381083195957442,-0.05369515795157855,-0.009333739195561982,0.0353185211129558,-0.012751912898631585,0.011852375833291448,-0.016174627245963767
LM 12_X,0.015576071240864735,0.006131942940046317,-0.03534203509270198,0.039652439004373596,-0.06615638676752005,0.04091116754896924,0.0365904320997161,0.05852249004038736,0.073505284769958,0.015580739435173335,0.004449965628530656,0.0636990893803057,0.021205155187279882,-0.03394969100811835,-0.011078693960032459
LM 12_Y,0.019404210257807024,0.02811813172852776,-0.02566648272221401,0.01823836929199905,-0.0015185686919718495,-0.007701281389247926,-0.014761560560213889,-0.04579909367735127,-0.0022430049037894073,8.993765666926591e-05,0.007601341101872143,0.046932713679468635,0.0370421996142307,-0.00733466417527699,0.004346490426429942
LM 12_Z,0.004835359792052472,0.006276215813263435,0.0050575856673241585,0.011335910761232052,0.014420415713848379,0.017256494145034423,0.09306332603657232,0.02674067036449328,0.018144090005516245,0.03684364061742197,0.010335880670089743,-0.009816523110896463,-0.014109959304525098,0.051782088064394285,-0.004635531533853546
LM 13_X,-0.0034033825003624875,0.007277173742355549,0.02503192889663296,-0.013119311538689326,0.0037360493799597394,0.041964152677431796,-0.01339488277025045,-0.03657363858413565,-0.0392629620620096,-0.012017487047527364,-0.0066500272823827285,0.026474805718387662,-0.003806001709766887,0.05575050710984477,-0.016697061771813012
LM 13_Y,0.05880030835979215,0.025990721947121143,0.07111663088926022,-0.013488295173823715,-0.10133532318016483,-0.02291712234365814,0.004460468249458218,0.023478889401585833,-0.05370740209609924,0.1613162582858103,0.07995416442069622,-0.03916864013648577,0.1850950172693613,0.02695694907997882,0.03968628120619275
LM 13_Z,0.03868019657621773,-0.025024421923092368,-0.034773140012645504,0.013974429131313276,-0.04769351106342098,0.008743400510883197,-0.011176517307607834,0.023745901018570235,-0.01831887480050164,0.03504544260598739,0.0009671387796566273,-0.03597640847661414,0.06261088055491522,0.0766462608403965,-0.04312563469062665
LM 14_X,-0.022998161194417784,0.020018269572144497,-0.0893795706652275,-0.07307923251094112,0.08795450791623577,-0.03115686479302028,-0.03581285527569083,-0.06134610261534566,0.03836894021890083,-0.09123864700755878,0.03879106373146395,0.07146076348086217,-0.06375186655181686,-0.03407623058769675,0.0010517246805688356
LM 14_Y,-0.03780853101296467,-0.04343602051840121,0.11197060893783146,0.06356713583624102,-0.04011000337020205,0.021587391544585218,-0.023692219320028855,-0.08512299047836029,-0.06603674157138988,0.16549031017981897,0.07861686230989287,0.017899936644092517,0.030120379727004352,-0.019595635263680904,0.04012131862270268
LM 14_Z,-0.004388832509624116,-0.006128548246400601,-0.008227803896044366,0.0016416557496498178,0.023986021021623546,-0.004639436678760303,0.028619191737803786,-0.018501107270605745,0.05234571580860156,0.015676375923901798,-0.0245652710940082,0.07000387394908313,-0.05020280594912755,0.06793994612901304,-0.012845016741655656
LM 15_X,-0.0323215509030189,-0.05169491873414841,0.10836720749811778,-0.11408729498738684,0.13457463614996126,0.02981639642930261,0.05897979576614516,-0.05337543967962542,-0.05708422552930558,-0.004534982373824669,-0.003598733967994129,0.017590841959800107,0.024700164606391403,-0.06740937280085772,0.029220739303455506
LM 15_Y,0.019884001402629282,0.00695146055803013,-0.10593608373673853,0.08175703167065015,-0.1260386888783026,0.048435604904234576,-0.03160517057118527,0.030490171147023955,0.12852867385373687,-0.06843848450553781,-0.06676891137573944,0.012676112378735754,0.058868589241871806,0.044317938956329045,0.03103459330992005
LM 15_Z,0.00785341707564013,0.004976505084861667,-0.02263858048563701,0.023770320954350183,0.015116989727960573,0.0045259604237911566,0.023801580197204644,-0.015688885280416377,0.023318185311293795,0.01922364890760199,-0.016317470550009063,-0.0027749745339601456,-0.025677391369644458,0.011222615499788067,-0.002064473838598875
LM 16_X,0.05111294404759141,0.05223799735288593,-0.07521786712387085,-0.05289676143819602,0.06485504822163943,-0.03572244427367808,0.030434552986101603,0.01116097578854496,0.00810953436943018,-0.09474786004644183,-0.024363286700973076,0.004189546547740214,-0.07281524037301686,0.05108232709316196,-0.021018330621598733
LM 16_Y,-0.05698112728706514,-0.06286572765707582,0.05511730339125153,0.06568256308785017,-0.044768605417566214,-0.010193383561385858,-0.0017569425209883031,-0.028115867236571362,-0.010834749149977247,0.055389280102783975,-0.031018298599939608,-0.051155487220609974,-0.007032410733777617,-0.04910739671971208,-0.04002360267171003
LM 16_Z,0.13265520470350115,0.023802619061151494,-0.07376765885966662,-0.08541034620454468,-0.030939358344666025,0.015231927980290607,0.0013445104823051367,0.1387324268971219,-0.1248177397440257,-0.02379894609795127,0.0647329529714379,0.13037637603962812,0.09169645859693584,-0.12555873962003147,0.09822686816646586
LM 17_X,-0.1550964803966011,-0.03186136938032228,0.0562392597686534,0.040321336832019515,-0.041831879484995685,-0.05560573779367551,-0.06849822759228494,0.1357717491900378,-0.018061734250449653,-0.044993222546341125,-0.17647178106047537,-0.030324598038599555,-0.06382681402444733,0.030197376359144094,-0.12419093255652465
LM 17_Y,-0.02078876753565354,0.12676600776256464,-0.048394000478755216,0.02323618819841046,0.059908416342983065,0.011839486484645723,-0.08485289695152233,-0.01956554820219015,-0.2143280134458035,-0.005012525189111287,0.21734212346971823,0.04904672982850645,-0.10351784698735783,-1.4162691913185737e-05,0.06266362207221458
LM 17_Z,-0.03164126759325393,-0.05574868301770705,0.02760249457631116,0.018379681990654904,-0.08066993650704324,-0.08814541608442394,0.1509325565104423,0.035025926870495556,0.2712083250592302,-0.013865537070191766,-0.31261752469242743,-0.20271089818539645,0.004181108318783109,0.049473240406794634,0.012183174574503715
LM 18_X,0.06284910604247258,0.03801980713798037,-0.06635427224990773,-0.05885067196133988,0.07867740067302217,-0.022964159200237404,0.03409628199639582,0.09676456086832297,0.013741364476260952,-0.03961555974147628,0.012454345106972617,-0.0006089784048063094,-0.0563265558378311,-0.02272493683025259,0.036783890534988956
LM 18_Y,-0.058123613973018004,-0.04634930276399969,0.03813601943786075,0.0562451489891042,-0.0614705592335544,0.020395218445040705,-0.012080430728010336,-0.04589053350870122,0.032735183343974066,0.045299362407535626,-0.058214077807356567,-0.06380759027746005,0.03874938982221983,-0.048759669714717714,0.015860613418623798
LM 18_Z,0.07269204232211435,0.05881228049742142,-0.049681865325081474,-0.10320947939803395,0.08097127731429794,-0.01770510535596624,0.04916217059397799,0.15178470110170034,-0.03671240150962915,-0.03722815070521255,0.045101737879083,0.02711428717033707,-0.037971342773863354,-0.016932147126376453,-0.060837312518265935
LM 19_X,-0.07264694697724172,-0.053965093098731945,0.04532553653730357,0.119825556450734,-0.07579274424573137,-0.02043618515489716,-0.035562300162708164,-0.08259007668130108,0.0027378118133744678,0.019656227185976396,-0.036029208841819406,-0.06007063780828766,-0.06714900979538042,-0.013794684006859135,0.007039614528628799
LM 19_Y,0.10535661162862972,-0.06509986168967985,0.11354873210816609,0.06841415974213569,0.12042141745388643,-0.02943644080824245,-0.07495606997839774,0.08613293240542312,0.02580530758564151,0.06300820690569524,0.03167292751617068,0.03464949925441054,-0.004370478926507018,0.005453109900774196,-0.018873193163938307
LM 19_Z,0.1008153145124952,-0.06131522033489837,0.09269210265119035,0.07165266673303815,0.11978366863638903,-0.06387579448923723,-0.06567988722347112,0.09860926941368095,-0.011664607178119327,0.036510122936987514,0.03282222793595674,-0.004529088499009875,-0.0025270719124831226,-0.05421247111591534,0.06478443504750402
LM 20_X,-0.13170715685810028,0.20275934388773822,0.06218886022284745,-0.05260526434187856,0.07970955784489324,-0.16236064682466217,-0.08173111706969881,0.10049614579445437,0.06545673981305494,0.013646092155359252,-0.15724936637462766,0.15491022726712458,0.05318053901378192,-0.044622904907004816,-0.0678250109464157
LM 20_Y,-0.07582884394873066,0.252163700653686,-0.05601001047387564,-0.11657344883043542,0.016055863480211624,-0.11894132845022459,-0.12140670118392528,0.08367874042534099,-0.019914786300444458,0.08678395914492364,-0.13772236539261384,0.11350317081064763,0.04595271584657118,-0.1610122260544889,0.061907871039589106
LM 20_Z,-0.0427157851116558,0.06709891950039486,-0.05584003956703409,0.03233252512532473,0.07344430489832605,-0.10204361507919407,-0.0023764684727936368,0.014121169214978972,-0.031262862074100686,0.026016270411641302,-0.0166403650348446,-0.10129471373472984,0.05228551632688686,-0.08303403473937332,0.0488695866828495
LM 21_X,-0.004303178343470826,-0.03593326799481721,0.002960210911458407,-0.0748937426247482,0.13028354786800875,-0.14314808467180393,0.06821014829915054,-0.2395240521856541,0.13211360608013017,-0.03911412470399277,-0.003956094935696182,0.13159288839453648,-0.11663033445870225,0.019432487736157186,0.05907790507207279
LM 21_Y,0.15111194351949797,-0.05378571817310001,-0.022063954355148355,-0.02920146193608777,-0.016005632873774794,-0.05101808612502744,0.03184155954652804,-0.09222222830166125,0.021711437364019832,0.02935927608679959,0.027862854047943756,0.11551638384148503,0.00708313826824269,-0.03098285069775461,0.04275959120447981
LM 21_Z,0.10092030907337837,-0.04144485814552838,-0.04037435346658481,-0.02017985375939756,-0.0061109095924170125,-0.05018673936416533,0.007764855625089442,-0.029252384608500697,-0.0017243391171808573,0.004564643062179314,-0.022488621488505712,0.11184328321153622,-0.0456469773053154,-0.054255927222231874,0.04405263622651641
LM 22_X,0.03487379425478676,-0.0410460880865648,0.02312892420532971,-0.0006458333181816775,-0.03655441985010535,0.05881169256028138,-0.020466500731170338,-0.04730502813321209,0.04551461891056136,-0.01017547713112217,-0.04783486438206762,0.037142095308414634,0.08794316818040539,0.12557910674887002,-0.0304114714620754
LM 22_Y,0.022973187831560344,-0.016794743199224093,-0.013412200842939814,-0.010188845981788331,-0.014646977184600141,0.02740920203198684,0.009144708045574558,-0.0783864205513399,0.03344345529977547,-0.02639864290621706,0.039578230637258155,0.01962518206396308,0.09453749002350502,0.04151486408080734,-0.019841205209654426
LM 22_Z,0.050593491945511486,0.001491977259587187,0.0119525847092487,0.04022245604445009,-0.09655840835671853,-0.0044236890572491045,-0.00014071296848252668,0.04879555631133767,-0.027554170476607298,-0.04485383021470916,-0.08091848375456989,0.08481888610895874,-0.05741975009211059,0.03505733539657611,0.03525696867220719
LM 23_X,0.10475367338111548,0.02078079495688794,-0.04877406885670675,0.049778107820422204,-0.18689404016304,-0.0903211266581029,-0.12855375049965376,0.11189275897257854,-0.19440661910443213,-0.06122525494354031,-0.11389628228059613,-0.02182335467330898,0.1669224210620924,-0.14410734325271518,0.04212363664007139
LM 23_Y,-0.10011797557502831,-0.1400588961636347,-0.07778648447110724,-0.08973534090493722,-0.3872092373974393,0.019866164789304242,-0.013928143899564573,0.043227460521345074,0.07799539903098314,-0.014496482785448751,0.11673607860443153,0.27342116120620635,-0.17524109963927242,-0.2541938027634335,-0.02871392172095726
LM 23_Z,-0.0750947465674664,0.03313194634279558,-0.028143605948243704,-0.14644093141522485,-0.1318387140690945,0.004152645140735144,0.17234622554858592,0.20486115158123655,0.09971331205028908,0.11007275962703099,-0.10667728664839839,0.1776143835735549,0.0021892156140544757,0.01792024505978838,0.0031658124230673867
LM 24_X,-0.03964041171902146,0.07579426180401513,-0.12124539442121805,-0.0973289553654351,0.06563284544744927,-0.006110652643395742,0.00717900069290316,-0.029089930710617867,-0.0055822579102540034,0.11129768537711957,0.06065844289321477,-0.1371301736424712,-0.07249453870089362,-0.034239337905768774,-0.018902645635612707
LM 24_Y,-0.008945111247077357,0.06742690503785403,-0.0723455088972933,-0.06392728628561876,0.01485874900207229,-5.686845399065052e-05,0.0036264911146654394,-0.007674207192116894,-0.0031643107754413856,0.07491454141935963,0.02537641095172086,-0.09630502901297612,-0.018621675402278756,0.018678075028719175,-0.004135414941316183
LM 24_Z,0.04107840039776325,-0.04099280184829379,0.039451882867200354,-0.06398479339792167,-0.0019465851350420145,0.02032116308927159,-0.010655386995850447,-0.01536674004089352,-0.03740446695868306,-0.003351263006254932,0.009759112178867347,-0.009252361330177579,0.0992039985042296,0.08580670341858322,-0.03571853720366088
LM 25_X,0.009003965820523398,-0.033078231906355726,-0.018046781923668063,-0.04175648883416499,-0.0031072779847397306,0.025603928950208753,0.06818879268207087,-0.044580200031168096,-0.004058448386468696,-0.08143194580904478,0.0012498706501924994,-0.03895885093298578,0.08897713316832452,-0.007968916165638468,-0.022612149979055356
LM 25_Y,0.028799720801592394,-0.01609063902421831,0.010127979284769738,-0.05487383987706035,0.04198426253133728,0.03105445762675844,0.05276566482012628,-0.018656533554070973,-0.04242004750359221,-0.01768121882131332,-0.09578257941108091,-0.06391909821755512,0.16880530217595788,0.12166054838848947,-0.018746906049064437
LM 25_Z,-0.009586392851984506,-0.0015064179936877262,-0.030935981180242756,-0.03913204733850076,0.01099843784270068,0.006638156633485145,0.15940907492599787,-0.07644141450994735,0.00573788400133287,-0.04718069991631207,-0.044507512991629944,-0.05207798294344684,0.1336621947650339,0.008609875980361273,0.009200870607039426
LM 26_X,0.05720377518409663,-0.07271926327050852,0.06444623025791081,-0.10838831010801407,0.03584438577755518,0.05443718631035906,0.0027832384290800865,0.10828753151271385,-0.025749197645823445,0.012595482871988386,-0.02936752463297033,-0.05027392618735818,0.09862517364681199,0.02108903724877884,0.07049666923257154
LM 26_Y,0.037730296060855664,-0.05340939494087108,0.011989023269729436,-0.07751412004702177,0.01978650596936332,0.016176287163767088,0.03073544705492778,0.04844301553870723,-0.03627672605550035,-0.11172826076952076,0.025353858428776223,-0.15513284731150048,-0.03616139729009566,-0.06402386009815617,0.0001413886502685461
LM 26_Z,0.17954381154301574,-0.12705757931142955,-0.09353538208773156,0.025515536999029434,0.03147764059426547,-0.07472665838908768,-0.03497703267266857,-0.010007854346778249,0.019757327948533167,-0.04470857922322613,0.05926234171604406,-0.011782357385306006,-0.05465559284277813,0.008186771204872966,-0.04431385653304029
LM 27_X,-0.02361756580230108,0.005463439136218812,0.05084916045640058,-0.03749986130584491,-0.04773934347528115,0.1284944392363579,0.026141951042417184,0.020074816558776947,-0.06349262301681982,-0.057868729847311166,-0.03891880908222936,-0.013727155930023716,0.021221637674120924,0.04212321992044292,0.03578500988579477
LM 27_Y,-0.029342696246060916,0.014655476358597654,0.02136905109817915,-0.04413267675040966,-0.019395527562916064,0.08788393900722404,0.09098055205250875,-0.052546951660203095,-0.06389101104602186,-0.1546643878715747,-0.007728913737438357,0.011644214019086755,0.13122582948645484,0.017717918597267235,0.005786411509539251
LM 27_Z,-0.17000599186337323,-0.008782894874805124,0.04902430323503964,-0.05950100550414576,-0.12885742838425251,-0.07375176405548274,-0.11699386060506611,0.12324504726145777,0.10718899665265234,0.16088262668503045,0.1031082431213832,-0.08630461916084978,-0.1250371094334421,-0.01612402167736205,-0.07254969312301968
LM 28_X,0.0453566750063023,-0.03783001359234687,0.049090791728428854,0.042605903306887245,0.04720305702943838,-0.0027356963729971103,-0.10116832404969434,-0.0319919462582974,0.016525483653500147,0.054697228022675314,0.012535309598975681,0.003953933199605022,-0.013040029040494307,0.06700182086725269,-0.023697366196421016
LM 28_Y,0.05574994365710515,-0.04180462392249029,0.010425309719316345,0.040365148969940985,0.03667779673356027,-0.012903212834253294,-0.06415937572725576,-0.03546740208602302,-0.00627234770204432,-0.03614348697361513,-0.016537825554240118,0.031125168054330028,-0.02395481918433359,0.040779353130656046,0.010205142191600063
LM 28_Z,0.14267856164695547,-0.13372306826880714,-0.006894735526780543,-0.01374258687253397,0.030401367555157415,-0.00806562149064367,0.015415530007817299,0.06608660030843817,0.03257427894662999,0.04673353852905475,-0.06870449848326775,0.003951875541664768,0.04467010639771513,0.0800950721525687,-0.04159160280729624
LM 29_X,0.15080321963109602,-0.20156533917869426,-0.07012507129457941,0.1351411423142345,0.017354539437681664,0.32259481213541885,0.04662231955583564,0.006650886807555492,-0.29881750300038434,0.3150798646858551,-0.2135523233582499,0.09366769047452655,-0.05682893596304321,0.08971732864308157,-0.05606892654126963
LM 29_Y,-0.10364987743762406,0.16404936815069995,-0.07482313283043547,-0.04292433277858163,-0.004518531508234717,0.09523019133482805,0.06602356974006772,-0.06914630675020898,-0.05790995397053287,0.14442677926151956,0.14783515866107472,-0.19316094847462856,-0.11619243350336406,-0.0003347846778276807,0.0322400996634684
LM 29_Z,-0.09614835478648165,0.1534434338166456,-0.022623984395026022,-0.010240837149219268,0.09832302633481965,0.02314062011543662,-0.0558326646556969,-0.11998560083437004,-0.02101034701918246,-0.046467024420596865,0.09711935810938141,-0.08003879358700657,-0.1362983755000011,0.01586276326877188,-0.02747381296583699
LM 30_X,-0.13708204984574957,-0.10611855540320424,0.026514848135596323,0.071323581079646,0.09779371526114014,-0.02106111325548388,0.13683060159604746,0.018036997415477575,-0.03259697568763763,-0.02199864791388574,0.15352071670668763,-0.10684983518680813,0.15727457861088606,-0.14206692283393127,-0.07572968793208215
LM 30_Y,-0.21884031131683834,-0.08312057648757039,0.05816313024775999,0.06107010351393626,0.12537093612476533,-0.05801199417620301,0.08692294333057937,0.02931904783459527,0.096120991127867,-0.10768071001638888,0.08248639058478865,-0.05953065981617549,-0.013156319554116199,0.08123525296780565,0.01930902587144943
LM 30_Z,0.10361627009929963,-0.027044024370889024,0.0850805854597181,0.07375404101614316,0.12459284459377884,-0.07190182122343952,-0.057407132994093155,0.020022719390166373,0.08137893159798662,0.0760866447819457,-0.015739308038780184,-0.005794147451868686,-0.04501066066441866,0.029186150076866587,0.019615518573191833
LM 31_X,0.09096351911173733,-0.03702863709418513,0.08055203959059999,0.08564416141265993,0.14254479055454333,-0.07641827867758547,-0.06222001589753756,0.03327505796859644,0.046678082858353134,0.09779448270863521,-0.011321931770698658,-0.034280369641948326,-0.09300786705133057,-0.049910955769945045,0.05722676053293567
LM 31_Y,0.1788434022342456,-0.0793244264798361,-0.050743556183312374,0.011544688095130734,0.026595804808214454,-0.0764233759887131,0.01571729359717609,0.009268023726793025,0.0013836876788576986,-0.03969888085941461,0.017134926593752372,0.03524330688711398,-0.047409765659987155,-0.041269989884239675,0.05283353289671615
LM 31_Z,-0.15013251976964623,0.08003929169203249,0.004472219875937208,-0.15792558533658121,-0.15589572644685912,0.046251234870739066,0.015600470901171495,0.1034496042381895,0.07429742409889821,0.10148608297147241,0.10247506487945579,0.06755993432494949,-0.025407464844225038,0.11945635490266154,0.10063579931657016
LM 32_X,-0.024973846026282068,0.12930726602286707,-0.06819814887889447,-0.08989208774547426,-0.07053583922767649,-0.033721167821750546,-0.045956354424657064,0.0373406078509178,0.06754897617186949,0.06711434574670733,0.06368409017945546,-0.10015798043994105,0.018113665326026714,-0.16780207718810622,-0.009194878117544533
LM 32_Y,-0.09727523016742087,0.15718300316463157,-0.03766975252347905,-0.0196842600624019,-0.062220008469586655,0.04879081108532186,0.003928914136167368,0.018386944066196002,0.04460434624025353,0.06615140652844334,-0.0315011673909588,-0.04903049993522677,-0.16334610036106562,0.047328756392753794,0.05312410893996777
LM 32_Z,-0.06145698586691917,0.10789318538887858,-0.04462658403518067,-0.024210937212053484,0.02678595168465449,0.017922850257809,-0.06447326231670338,-0.07305827279457917,-0.000520435580115848,-0.12718236261185273,-0.02982309340278766,-0.09737519598832921,-0.10325520863573132,0.08089218931552128,0.0218194262035562
LM 33_X,0.06503686812963977,-0.08294526583299751,0.0924900842350489,0.12171965170629492,0.04510380556517074,-0.16047850582432288,-0.08105169613131796,-0.041582995341720566,-0.03047102199608109,-0.044073179927746176,-0.049868885238081466,0.03143791706843904,-0.06880055197072116,-0.019612491455038523,0.013839537023468986
LM 33_Y,-0.10258119238629942,-0.004689958283387526,-0.13041058561723456,0.13439561592184746,-0.0015355347172032539,-0.15937760592942113,0.014512655994349718,0.017058519076255312,-0.12314152112487321,0.0651962459178004,0.11936806838412728,-0.021778094315839037,0.20018133314391032,-0.09973300223547449,0.06418088411645301
LM 33_Z,-0.12235622740108573,0.046444894267121554,-0.08246839252895496,0.29354323327523935,0.07578089225426951,0.004009640773518658,0.23173302467568255,0.14730692084093053,0.001208474828679974,-0.14175070267730894,0.1435695088616382,0.07920041964038474,-0.04610507723414189,0.02117106595013648,-0.0949122456733017
LM 34_X,0.10140532860398754,-0.04743896033758753,0.06505272995601322,0.1065393768132991,0.11799688771350964,-0.10530887609330751,-0.0009332909254595369,-0.0003558226847685107,0.016682440547946972,0.026550454007204353,-0.04776642846387874,-0.02176128420459923,-0.08853669290669956,-0.0908871130230218,0.07254654273690507
LM 34_Y,-0.07307014732534994,0.10796386230075089,-0.04875564401758833,0.03318209325217558,-0.1255128952720463,0.1124706906174416,-0.05993335054354381,-0.20187156184570806,-0.02117767385368676,-0.12419374705179848,-0.09669957065452132,-0.16414774107308408,0.12063606970063734,0.058114241273616696,0.0945784173693271
LM 34_Z,-0.07029455598366896,0.08961284850195458,-0.011350182107497222,-0.017478927129915226,-0.18596024210772352,0.19946784012877145,0.005006178711100106,-0.23392026161156657,0.06176243020705605,-0.015795444820035445,-0.10751968206806488,0.05321185199230045,0.03529655283626009,-0.03274984977469616,0.012147204360801099
LM 35_X,0.008231842964627163,-0.03830696280560159,0.07070368547302816,0.05147261097278378,-0.003199663625660854,0.0719984769106295,-0.12252720207887821,-0.06789124673220577,0.021263025756491766,-0.10685768124740752,-0.05368304543138435,0.03006152946215984,-0.11256729409751806,0.017326344774269274,0.017183850038372615
LM 35_Y,0.015558493899425398,-0.020414820406296823,0.028774519674723557,0.054780676183738435,0.03294958193162282,0.058664974706011445,-0.06233435634751242,-0.13599173312487628,0.08403140157186688,-0.14940358115361438,0.05576562010464833,0.022765016306261578,-0.07690718018620678,0.007925689670356131,0.02734983921546967
LM 35_Z,0.0491058476565195,-0.03768693632848345,0.047590424222392826,0.033134250909756705,0.028141845333462926,0.013643812014062309,-0.10323131269028946,-0.034402511106322045,-0.008512808577694923,0.056187546973740544,0.0478928553574514,0.03624561855452971,0.005704373412278918,0.07825204138843637,-0.030835215935893792
LM 36_X,0.06080478051448947,-0.03774961821957064,0.007980070639836198,0.027506510207590398,0.028735267262906903,-0.010637398540599157,-0.06824334934640156,-0.05248563599269474,-0.011216856964345122,-0.007617762952802521,0.03373824630399394,0.04643626747763759,-0.06714085516792513,0.018058427578527603,0.01626614437013356
LM 36_Y,-0.05699408596720746,0.00403458083011119,0.05313852902209287,0.027644514279251072,-0.04651634817682657,0.038348104807317415,0.056880306437427655,0.043031045607671584,-0.02611662464146897,0.09087940372247627,0.003815994215675952,0.021980969655450374,-0.09007836080523648,0.09239253304813429,0.02302644185931993
LM 36_Z,-0.04986343409668967,0.005036416182481561,0.05527931262851579,-0.03194741269237542,-0.06023675375934223,0.02023970249065977,0.05498720026737946,0.01705815502309448,-0.09819098889003965,-0.05889685732855594,-0.04027452412671568,0.08429871641768508,-0.04232546565836185,0.01651510476927389,-0.021605415383069423
LM 37_X,0.004857177476395223,0.017648927092223415,0.027143398523218187,-0.006146048091251812,-0.07670461628507588,0.09677232718008633,0.12069726607199122,0.12668080375682125,-0.04229894301515886,-0.08868093237152261,0.05614292544115704,-0.08509264241138151,0.1528066655230643,0.03207626215049446,-0.0058899371437772675
LM 37_Y,-0.022145552075118324,0.022483821621386513,0.01102281202105662,-0.050585632697752625,0.007067364100500087,0.11705081133080104,0.019341335527365004,0.05436771356577838,0.06632241554950753,-0.10671579026552071,0.016156521464679115,-0.045911838628428694,0.1516766652855428,0.030928832410466033,-0.02644047895264983
LM 37_Z,-0.05157195178958275,0.006505722778287765,0.02297283751393387,-0.012922146558362654,-0.031447032883592546,0.03060882169788576,-0.040653645111166696,0.011118537715169238,-0.027524071822675505,-0.06631491171101718,-0.06644857097177038,0.040424725330012554,-0.11663852152666254,-0.04163903015111351,-0.061152190879286035
LM 38_X,-0.058774112448102975,-0.0023333775534870867,0.011252638945776706,0.0007897689265254509,-0.027954744153385037,0.04353096518037907,0.009654570452364937,0.005510276448190784,-0.049910380222071164,-0.07946865893843387,-0.057780583207986694,0.06627592453135639,-0.15357255998109076,-0.1414182743750787,-0.008729072181854486
LM 38_Y,-0.08149565880436246,0.03303907234922578,-0.06950850505811963,-0.014614716886691402,0.13484220153875265,-0.11331112419796749,-0.04790221514167849,-0.04226928809782548,0.020137064199008015,0.18690494835288224,0.0428985092222919,0.015537759379122225,0.07675452777288651,0.04245938473311894,-0.014480973452719936
LM 38_Z,-0.006221302479025435,0.07290463303785591,-0.07503261288906135,0.02610260022607759,0.062468020211477994,-0.11893615302614186,-0.0496391812451618,-0.005290367756550443,0.1899424090674676,0.1996911429282135,0.05459723470052699,0.021802422893497434,0.10200368847207408,-0.04746904916323109,0.0036406511751333084
LM 39_X,-0.11978895788665564,-0.04026610889187314,0.0583398032363203,-0.01780518501554903,0.08871830770231749,0.08604654889689192,0.013753999602540297,0.11187277012961286,-0.013246395249788379,-0.0343317748953005,0.01102921009221038,0.10278096872464017,-0.033351915995431344,0.04058484558848204,-0.000725294388876177
LM 39_Y,0.0720565276621914,0.00918707322005659,-0.003533389142967845,-0.007005280193990852,-0.09596832673091743,-0.11849755044856336,0.1486040757286451,0.03744411870784797,0.0005211411850207639,0.1260394996827165,0.02084315528261796,-0.09884942174005552,0.053588487951258576,0.004933774947907681,0.008695653315021812
LM 39_Z,-0.052944855671972504,-0.014044621625251628,-0.027784722545174348,0.011533038714617912,0.05347837644839224,0.00817076262548095,0.005043632740690604,0.0039454150759537015,-0.04041020505773589,0.09711742638401874,-0.035868325859607926,0.05960910398433776,0.11302375524269902,0.04081701776661681,0.0258913829836635
LM 40_X,0.0016177262674484869,-0.022535096782082903,0.030874511450757827,0.03112424498835514,0.03277994416646437,0.05363062152804057,0.007558333647045161,-0.0831762179060111,-0.036785785158715244,0.07376308415201882,0.013944505832505507,-0.020158898744404748,0.11538924869739332,0.0361816492186942,0.048590364199577345
LM 40_Y,0.044832185281429,-0.008945317242428728,0.0615267207764415,-0.13036500099649567,0.05899992739121161,-0.10019788395409725,-0.023951513681973863,-0.0001822926689018032,0.0846605007820949,0.06920293595471678,-0.12332773054058668,-0.04096990508254937,0.03628721556421817,-0.17741915771775976,0.017885186541885673
LM 40_Z,0.032105892007628783,-0.12367931838689321,0.06025533113987781,-0.10571703568256433,-0.012741487108746247,-0.06312972324828278,-0.12279750583774494,-0.061905274735863776,0.038534825137778686,-0.0876792816462785,0.1076645608915935,0.054049267576969436,0.13571350740557012,-0.2134442780140927,0.08239677764056273
LM 41_X,-0.022593442616527463,0.03952602496921171,0.0022086559620538987,0.008270411834109972,-0.0116941963555561,-0.15820203844275035,-0.07858232835497815,0.10400541691509933,-0.11568385394412428,0.011276943331020322,0.08041421445413173,0.02126480818070806,0.1336828243213987,0.060542657551015455,0.006096820061400604
LM 41_Y,-0.014711440514014896,-0.012457589219902693,0.029712328331227503,0.004861934934488772,-0.13514373282308667,-0.06236995204453798,-0.09875305325121829,0.17434523664182866,-0.1501090152070815,-0.057011573905489464,0.12711290246342266,-0.09444277149674996,-0.05693312815912946,0.03251452544744,-0.02144209729626068
LM 41_Z,0.09681662193273828,0.1665877552866073,0.4394582127706039,0.03336819446847509,-0.18265994742167307,0.047706074470723045,-0.10263271775162129,-0.017080859715608247,0.19777520938031962,-0.14220203620462188,-0.0066337890706594915,0.11142590149364295,0.15286737550522214,-0.01597740319414123,0.0057650969273614445
LM 42_X,0.01460613186716566,0.10232601824425744,0.31054209145966477,0.03934615653916181,-0.22879410101705117,-0.29573968067563194,0.17961379777780848,-0.13334366035852913,-0.18321078985989175,0.015875806292665457,0.0647848347043677,0.09233336559022474,-0.10862837018893877,0.23450869942071736,-0.025889124879501384
LM 42_Y,-0.12910232480044423,-0.05731260152109509,0.09462630171000459,0.03836995757099613,0.1320217266160276,0.07516187340767683,0.12249583595963816,0.1758469485586118,-0.02043370981839195,-0.11288368362783877,0.02820430286585497,0.050693175374575926,-0.001545846100924271,-0.013603897166349539,0.01099463806826249
LM 42_Z,-0.11829882943224428,-0.04054133888778115,0.07908487211719673,0.0556773496072881,0.1457634530556079,0.07103912557517161,0.12706177444490063,0.08938241676095808,-0.0014474627957834273,-0.10453230868254801,0.022152346217792107,-0.023058769007253524,0.04245818474064678,-0.03963321333379193,0.022215007245561212
LM 43_X,0.0629228992951922,-0.009014622155915756,-0.01862924190022854,-0.018509188556574463,0.00964180243409313,-0.0028827689119277945,-0.032212397205949324,-0.008472151143607713,0.09814000021860565,0.007098559816913317,-0.07194801722331998,0.04083617031184626,0.013733067504955287,0.10877621743185466,-0.03593117225705372
LM 43_Y,0.09604271904256115,0.013701821889150713,0.009750101654746969,-0.03938780178766715,0.012579184443618512,0.013807924964763851,-0.07386204868090684,-0.010234820846415436,0.07957698768784412,0.08277588332237991,0.013884043154683981,-0.020332674095545636,0.04590070238600166,0.02199145405214579,-0.04029899386980112
LM 43_Z,0.0595796042346024,0.0027905140219350176,-0.007771197671266172,-0.0473857751218249,-0.012118312445427644,-0.01647949279702514,-0.03344259354567981,-0.01879563213735386,0.0821089145256804,0.02325488960904555,-0.0563941188141287,-0.017517425389464908,-0.025860990400415906,0.026464357268358597,-0.04763457143212364
LM 44_X,0.07488396966309938,0.03232985548605626,0.0063368129262649465,-0.03698504869353975,0.020196765535702238,0.02590624268261142,-0.05455348901857074,-0.014282303961317636,0.07169412535422388,0.08653082035184959,-0.04266644853525456,-0.03237121720089056,-0.009829022144307363,-0.032517980729263,-0.045781904949151284
LM 44_Y,-0.021945111459279965,0.05635340792953027,-0.14959625116904623,-0.10657691407189751,0.07983903334363811,-0.006442144767151542,0.07937029671797102,-0.0225986273402479,0.11054246586094613,0.038879744023639376,-0.06318846817706188,0.03186882050735642,0.09014046101421407,0.06888580165889603,-0.03901585881913223
LM 44_Z,-0.040905573184391725,0.06468775652773016,-0.16952353248552446,-0.06461117373692157,0.05660692384505572,-0.022032860529986355,-0.028427825328226217,0.05094284426966493,0.12590069416125166,0.061851522175849494,-0.01464217141693665,0.023281998045960654,0.027004912241404597,0.23454996113856091,0.040933415247722905
LM 45_X,0.06566354639171967,0.042033019612922794,-0.03621400741248444,-0.07245662863807231,-0.07967758855957781,0.10129555947151411,-0.09553191408259848,0.01291730929352372,0.021818429809098077,-0.05998561123293425,0.22211928723905747,0.05299612327897441,-0.12956958645500694,0.1810402651436508,-0.08916227389792653
LM 45_Y,0.04316322668912233,-0.014157086507561175,-0.007014800235163048,0.040626689423403355,0.03139243567462226,0.05817844345880524,0.003750823552646259,0.0682221719364956,0.059366856035112874,-0.0650107680556617,0.024856624794039994,0.02316445718862789,-0.058580464678545795,-0.11888124325310885,0.004166526307114455
LM 45_Z,0.05715533429094224,0.005788168390440558,-0.001318969072989524,0.0341612716182326,-0.02881307249302706,0.09108838068192955,-0.03197638829039896,0.037397721674232914,0.06505394403364877,0.009498894716591441,-0.015287630986912954,-0.10494175881735565,-0.08972961975402188,-0.0694632668871167,-0.015232245990752898
LM 46_X,0.41695760391324355,0.04214375518316074,-0.13745021394774953,-0.1679689891587113,-0.101256305494852,-0.03866086116476761,0.38984625515873916,-0.04974760984423366,-0.011060948288385128,-0.14628816617477966,0.08396829006375654,-0.09529480898642056,-0.09478213709871026,-0.04924752685810604,-0.039318355500839036
LM 46_Y,0.016496485201371407,-0.003628191397323861,-0.01573700530636005,0.024017366128945904,-0.05630996756656716,-0.015759992847896774,0.06290333123169617,0.01830130677362783,-0.03331447683247801,-0.014711207788934363,0.07376719570139244,-0.02771599886486354,-0.004995467523085295,-0.01359649580495798,0.03532970855251948
LM 46_Z,0.008228249917450203,-0.021709035768175525,0.02726345570024189,0.018660669444842036,-0.04313178499760278,0.03995843368355202,0.013031068660785638,-0.01623098771315315,-0.020878840522092063,0.053019206887629185,0.12902995369431786,-0.08121284000301697,-0.01939298614769025,-0.04040001330750823,0.034955214355411796
LM 47_X,0.053950984231397964,0.01098392993688328,-0.04763398034426113,-0.06583769939106696,0.08504296056661857,0.022856150544053384,-0.05862020874190724,-0.08291813308090933,0.01571442225222098,-0.018629465611259974,0.06181997648585213,-0.00417428017373676,0.07154014066436484,0.13173222975037482,-0.02362913429803562
LM 47_Y,0.056277283706472746,0.021306464604277865,-0.034576081357986115,-0.10902250125765543,0.09345587504078624,-0.031096704184005838,-0.06512708027073287,-0.06946881143198266,0.09828257506703707,-0.023397380911800113,0.07104654691685232,-0.043042852907357224,0.04524874153349464,0.04347209694119447,-0.05813947143364501
LM 47_Z,-0.07399490261734884,0.0052642332747512705,-0.045005610676901446,0.004740070625087387,0.08567913313952112,0.19315582846858564,-0.16091350172515823,-0.0039307122479874486,-0.03140155826057122,-0.09598983662253208,-3.762531757389888e-05,0.15226886485682856,0.08555125270497695,0.06475811009985163,-0.009201676782293297
LM 48_X,-0.034333148812662306,0.01216727517497283,-0.061483251541184086,0.04014733158423702,0.06622259849927768,0.1326699854795795,-0.15988537080215878,-0.001384282198410385,-0.028700665513798986,-0.14289759163854715,-0.02310402640346402,-0.04967021643078684,0.1343736900862711,0.027929100852720948,-0.04485712245854016
LM 48_Y,-0.14008726868972177,-0.017747104991236256,0.025173376456457897,0.021423056614503142,0.10128846155002734,0.039985309281681564,0.17759091714757078,-0.23074740866141952,-0.12480731236443662,0.08891636385537022,-0.08572264970263659,-0.03421101992040456,-0.06360281161503636,-0.28822109298204196,0.0017424531333349353
LM 48_Z,-0.15055414016523594,-0.0016333325884307528,0.08407456632556506,-0.08024464151599917,0.04628866267865473,-0.08542602709468207,0.20472985270158944,-0.24799882092582523,-0.11809595100795293,0.1507533767598825,-0.07200072621532022,0.25014035572090576,0.03341565820555108,-0.04657720914509364,-0.003590172876114511
LM 49_X,-0.025663575512563902,0.018791714523395193,0.0324466329816757,-0.021783728686519475,0.0001127137590415525,-0.07381141968280222,0.01830614917297659,-0.008101760007423665,-0.07443286060348514,-0.1316942156660051,-0.0984239514541004,-0.11569783512523503,-0.0143929828335687,-0.05022048044189954,0.0068187387541555865
LM 49_Y,-0.030261125034363796,-0.011987234420845927,0.05165722484894313,-0.01703745818685053,-0.02489168051185642,-0.10180841681594373,0.025034479604589027,-0.013773560609029269,-0.11574300833869752,-0.1189811564645383,-0.08101894016116419,-0.10834910143684542,-0.02816138538996395,-0.07721648696191644,0.06658262983767636
LM 49_Z,-0.013038620290053534,-0.007981025018398768,-0.04353841406249702,-0.044576306723726644,0.027328597994570738,0.04921505724509774,-0.012311773328181619,-0.0895792531656409,-0.02566416277927974,0.041977117975687296,0.007508262735805689,0.042152419529736584,-0.02308513776270211,0.028278370329046894,0.011354088189163338
LM 50_X,-0.25792359711263335,-0.5883701586234371,-0.26438669568896067,-0.2239259242126267,-0.12430775817817787,-0.13906679764763075,-0.13934465647471825,-0.028398731888577656,-0.03433229364396733,-0.07985429445708615,-0.04470139101492518,-0.05991429213301212,-0.04048721222983042,0.09745548317456956,0.07507342634944777
LM 50_Y,-0.1286035045987586,-0.016475362764262477,0.05139195851119193,0.028764639424294206,0.08901318975705931,0.044185295430738965,0.16172654937658706,0.1899147628705434,-0.06228305448842077,0.013656694272133129,0.05136962893754408,0.0368847648054048,0.01654328607247889,0.024399774013608728,0.046334113295596724
LM 50_Z,-0.02068933080132105,-0.0051850805889677295,0.034769092106810444,0.009223734382935165,-0.02129194636642578,0.11160266177617843,0.0018372492629096936,-0.015002078086882194,0.039979335707504664,0.014919198751770137,0.015476049519716371,0.1210841747499425,0.047732535676056995,-0.007341626614856655,-0.008317757221518002
LM 51_X,-0.01453474673798274,-0.013021570096221305,0.009627996026144286,0.03184151324304985,0.00597689227416153,0.06304304180550412,0.0005725742252130937,0.021282060160141184,0.08761942745541242,0.04367468874308886,-0.05552784159968994,-0.021198584170819042,0.026873830672071334,-0.06368039972470636,-0.017086792717580592
LM 51_Y,0.007762539927787146,0.015327930778616869,0.08733652491600293,-0.05953049351982976,-0.068716793200948,-0.13344727783872834,-0.09658502058408192,-0.02499730639610032,-0.19616552470812076,-0.060550196728512,-0.0429784462689151,-0.022116831148087126,0.028509440979753522,0.04317201402072438,-0.015470337841398209
LM 51_Z,0.032849354076685044,0.10511288053459046,-0.29795746165639786,0.26422999164215877,-0.1434474343886623,-0.1856861428949174,-0.0889578905637951,-0.09559642240855776,-0.08296476892060702,0.003579361034744201,0.04845639888959704,0.028071524250331725,0.12123004887268132,-0.0022035903308818402,-0.06433815732247918
LM 52_X,-0.012195656678310796,0.13659831365284553,-0.2771607402325804,0.42418958897963543,-0.06255419942769383,-0.03946510626463008,0.04489740033530033,0.0075345461739837975,0.051470068038635165,-0.12396161228559052,-0.09706654868136518,0.1363092567571753,-0.029534324664684482,0.07803501423272755,0.10994661829568644
LM 52_Y,0.013179687668547308,0.029330646581078382,0.04749229874659076,0.015959156787224926,0.02793147995606611,-0.07578463401710193,0.0007444443204866318,0.037293616376701824,-0.13631669955433215,-0.02300118615256248,-0.200523273699017,-0.0746865653536593,-0.03220249692027138,0.007422622503787949,0.051469790860582974
LM 52_Z,0.015778658709702558,0.004658796824096446,0.05081080222640796,0.016982781715296543,-0.015164979044190353,0.0928694291650082,0.0031760178582521297,1.0648601543666213e-05,-0.0014515146390640444,0.06474366629111875,0.06772024484885775,0.07385444287166923,-0.07264898212384026,-0.03860120443000924,0.0012296789869978345
LM 53_X,0.017978768411697398,0.02348395993173851,0.019244690053603568,0.0028558202161609128,0.05639274537297594,0.14145303167032428,-0.0188824779105146,-0.00814865885088744,-0.007696763522007202,0.0656824906560031,-0.023735764734754757,-0.01884215595920518,-0.06568073932780745,-0.022547553516559488,0.0011817940362575854
LM 53_Y,0.04284842552854724,-0.010380865191410927,0.008099727463881492,0.062295638370222936,0.020298009717192922,0.05824761127298911,-0.09878651485393158,0.12395776969507027,-0.009046594226523392,0.05374654245674303,-0.0216253043244441,-0.054575147114243855,-0.04217870207000103,0.008458874702024275,0.052821631970333724
LM 53_Z,0.048208348813765914,0.007487753448969143,-0.029896244278174354,0.03657822597114616,-0.03268009401757345,0.06910646714098527,-0.06022958923117619,0.017993082428177938,-0.06443694869414243,0.033742930556861284,-0.029017849428811804,-0.06391593993420341,-0.009135489754086042,-0.04983342983980756,0.029031983555247946
LM 54_X,0.019800230502621353,-0.0323493987600227,0.015534781659984209,-0.021045763748322868,-0.04224780272133986,-0.020152476108004726,0.0807111284451039,0.04017903646779549,0.04682448016136263,-0.06280065856842652,0.009808129272806767,-0.05998779246099828,-0.010766454953828507,0.061866161136735175,-0.013374138868757776
LM 54_Y,0.007722703315712145,-0.020077903043370638,0.05313406083322822,0.005573479234588656,-0.0495036739753651,-0.017950074383509273,0.06339239708451501,0.06704023945939803,0.047794288567369114,0.0024487157365456354,-0.0335151340820399,-0.16918326601614148,-0.0778389021181166,0.03339771755934366,-0.003376866894797432
LM 54_Z,0.026870952112731092,0.008058032870925082,0.005202789842486291,0.06465561992593574,-0.00961392253736559,0.07563144155161174,-0.007689327044688732,-0.0032142033382574326,0.09549548356173697,0.05810739381347108,0.0027046777080979114,-0.0516616975849395,-0.028326425583478743,-0.015706158487916785,0.04328716371121096
LM 55_X,0.01862551602287161,0.027687849071805565,-0.0012446685119030802,0.03970782896803797,-0.013762860819054158,0.08069922353315366,-0.029541461744946186,-0.01686694010137267,0.01624010027718772,0.07403347488737376,-0.004961799425706127,-0.08655456542932323,-0.036254716495991546,-0.01060429160043218,0.03716597870482295
LM 55_Y,0.03981261119734906,-0.016155120424287028,0.004680917122380304,0.03889392680339049,0.01797337517451262,0.05652729489465051,-0.019033023977704528,0.029793822737265517,0.05328021003761825,-0.03676394393158445,0.008548506812707586,0.04880879443186802,-0.125676719898368,-0.08717544788111548,0.008619484960363313
LM 55_Z,0.05543839025376244,-0.004175917684707357,-0.0028845186294857742,0.010343343428045897,0.013560947352269563,0.05895969640311848,-0.014580241428996044,-0.012514898246555965,0.019081657480422586,0.03617819812933246,0.002417533815752612,-0.003270957638155415,-0.1461824843921087,-0.009988378771316055,0.003929836918368124
