ID,proc_dist,centeroid,LM 1_X,LM 1_Y,LM 1_Z,LM 2_X,LM 2_Y,LM 2_Z,LM 3_X,LM 3_Y,LM 3_Z,LM 4_X,LM 4_Y,LM 4_Z,LM 5_X,LM 5_Y,LM 5_Z,LM 6_X,LM 6_Y,LM 6_Z,LM 7_X,LM 7_Y,LM 7_Z,LM 8_X,LM 8_Y,LM 8_Z,LM 9_X,LM 9_Y,LM 9_Z,LM 10_X,LM 10_Y,LM 10_Z,LM 11_X,LM 11_Y,LM 11_Z,LM 12_X,LM 12_Y,LM 12_Z,LM 13_X,LM 13_Y,LM 13_Z,LM 14_X,LM 14_Y,LM 14_Z,LM 15_X,LM 15_Y,LM 15_Z,LM 16_X,LM 16_Y,LM 16_Z,LM 17_X,LM 17_Y,LM 17_Z,LM 18_X,LM 18_Y,LM 18_Z,LM 19_X,LM 19_Y,LM 19_Z,LM 20_X,LM 20_Y,LM 20_Z,LM 21_X,LM 21_Y,LM 21_Z,LM 22_X,LM 22_Y,LM 22_Z,LM 23_X,LM 23_Y,LM 23_Z,LM 24_X,LM 24_Y,LM 24_Z,LM 25_X,LM 25_Y,LM 25_Z,LM 26_X,LM 26_Y,LM 26_Z,LM 27_X,LM 27_Y,LM 27_Z,LM 28_X,LM 28_Y,LM 28_Z,LM 29_X,LM 29_Y,LM 29_Z,LM 30_X,LM 30_Y,LM 30_Z,LM 31_X,LM 31_Y,LM 31_Z,LM 32_X,LM 32_Y,LM 32_Z,LM 33_X,LM 33_Y,LM 33_Z,LM 34_X,LM 34_Y,LM 34_Z,LM 35_X,LM 35_Y,LM 35_Z,LM 36_X,LM 36_Y,LM 36_Z,LM 37_X,LM 37_Y,LM 37_Z,LM 38_X,LM 38_Y,LM 38_Z,LM 39_X,LM 39_Y,LM 39_Z,LM 40_X,LM 40_Y,LM 40_Z,LM 41_X,LM 41_Y,LM 41_Z,LM 42_X,LM 42_Y,LM 42_Z,LM 43_X,LM 43_Y,LM 43_Z,LM 44_X,LM 44_Y,LM 44_Z,LM 45_X,LM 45_Y,LM 45_Z,LM 46_X,LM 46_Y,LM 46_Z,LM 47_X,LM 47_Y,LM 47_Z,LM 48_X,LM 48_Y,LM 48_Z,LM 49_X,LM 49_Y,LM 49_Z,LM 50_X,LM 50_Y,LM 50_Z,LM 51_X,LM 51_Y,LM 51_Z,LM 52_X,LM 52_Y,LM 52_Z,LM 53_X,LM 53_Y,LM 53_Z,LM 54_X,LM 54_Y,LM 54_Z,LM 55_X,LM 55_Y,LM 55_Z
LM_1575,0.069082984,0.5424533621028319,0.014343600827619976,-0.043625572,-0.024909393,-0.008902745,-0.044689602,-0.024847538,0.052916472,0.096979313,-0.004958792,-0.060206314,0.092276639,-0.007725302,-0.000985725,0.042437302,-0.035949417,-0.006943063,0.026020002841348852,0.1100737778329714,0.012642171617032232,-0.038808773,0.010046549584759867,-0.00969927,-0.039255599,0.009602219,0.052928714,-0.026776015,0.014064888225418315,-0.051097539,-0.029954751,0.001090828,0.035651502324309976,-0.015496122,-0.045347124,-0.032847026,-0.017983548,-0.047872801,0.067555343,0.043632152,0.035500959,-0.073783191,0.058881308,0.034854853,0.014031536536644561,0.062904053,-0.038930485,-0.018092736,0.062627637,-0.039228343,0.052320887,-0.028627728,0.017289149901594542,-0.050529899,-0.030860825,0.014645922978936016,0.054666276,-0.024541188,0.020953992745872833,-0.052997388,-0.02699953,0.018679397,0.047756087652282474,-0.024696112,0.037469163307031754,-0.048344811,-0.026933482,0.032540123,0.000855718,-0.052217362,0.027253078316466423,0.059688878,-0.012083388,-0.003874471,-0.056965566,-0.016550101,-0.00502839,-0.002761416,0.12515465007838333,0.059943221,0.03315987,-0.038912454,-0.009181935,-0.032303833,-0.041017076,-0.011316583,0.037179143,-0.039268454,0.026463086071895594,-0.03466511,-0.041347829,0.026067978792063122,0.054894906752555726,0.055684765,-0.045745433,-0.056645023,0.051309889,-0.046309391,0.056593229749706445,0.003075879,0.055147542,-0.062107848,0.002708223,0.05534602,0.006992805,-0.043914982,-0.0302064,-0.00088161,-0.044133247,-0.031054063,0.000915084,-0.047666926,0.018968239381749175,-0.001098563,0.13187313705988676,-0.008628331,-0.001824201,0.080090829,-0.038726687,0.053544887006029745,0.046932687,-0.013446438,-0.061563953,0.041718919,-0.013510612,0.003737061,-0.054093998,-0.049456671,0.055671438397234374,0.002836926,0.060065365,-0.061780516,0.003173163,0.058638915411745304,0.003498971,-0.048349984,-0.033681399,0.067311458,0.010665466736348472,-0.010807105,-0.066682443,0.009275046,-0.011814081,0.046496847359836065,-0.028354672,-0.026378262,-0.043262255,-0.031622815,-0.029508703,0.024876786,-0.039912937,-0.005898422,-0.017718988,-0.041390113,-0.004759336,0.064240986,0.004174042,-0.014546852,-0.062154328,0.000966239,-0.017188135,0.062873201,-0.005381044,-0.006160959,-0.0604985,-0.009932038,-0.007707415
LM_1601,0.066207959,0.539130277,0.013437472936539572,-0.048208574,-0.024076563,-0.010744833,-0.048748359,-0.024003271,0.056491700188850774,0.087485718,-0.004726075,-0.059427875,0.08731398,-0.009426622,0.001310578,0.04084614,-0.036427677,-0.005085336,0.024919452767445362,0.10450595262139001,0.011131622,-0.038733001,0.010259136074880718,-0.008914766,-0.03935915,0.010614680202097233,0.051175906,-0.025370694,0.012340688,-0.048963843,-0.02715752,0.011872636484221629,0.035052123284391695,-0.018425663,-0.04618498,-0.03318131,-0.015300733,-0.045108551,0.067800088,0.057875615289110276,0.024266277959181654,-0.075101742,0.052990529,0.017687874,0.017212903183347863,0.065069635,-0.042853214,-0.020065717,0.063027642,-0.042180233,0.051818695,-0.027039945,0.016115037242997458,-0.049321487,-0.028236623,0.014692922346009652,0.053566745,-0.025523304,0.020547261329446957,-0.052205524,-0.027599902,0.017534857533774262,0.050877081397673996,-0.024267441,0.037162221,-0.050809543,-0.024344241,0.032746995,0.00160996,-0.048643994,0.031550731,0.056686305364001495,-0.011527834,-0.004099437,-0.055090769,-0.014971659,-0.004747899,-0.00379914,0.12918889764795244,0.051549038,0.031242158051640594,-0.038673237,-0.009384795,-0.025559057,-0.040392676,-0.009066739,0.031559442650109085,-0.040052826,0.029532126119344675,-0.029361355,-0.040915575,0.028979671803327164,0.055970583,0.055817763,-0.038303898,-0.058461604,0.051552956,-0.038642734,0.058218925,0.006714209,0.055340114223691395,-0.062753761,0.00315462,0.050982902092686154,0.007227582,-0.050162846,-0.031370064,-0.004660416,-0.049887414,-0.031585287,0.001062146,-0.048274915,0.022073889,-0.002810627,0.133199024,0.026728884575784432,-0.000529832,0.082276385,-0.044500936,0.057249959,0.043389937541881446,-0.012420313,-0.060630944,0.042848090070591656,-0.013473537,0.001712005,-0.056863808,-0.049255463,0.055435207559569426,0.006840548,0.064161385,-0.058899315,-0.00500423,0.052748109,0.002334821,-0.054577707,-0.039825561,0.06478432,0.017014599353913317,-0.011732562,-0.06535483,0.014424806638301625,-0.012695215,0.047246578342310316,-0.025766999,-0.027184425,-0.044213951,-0.028054666,-0.027697111,0.025741623911942922,-0.038757962,-0.007277093,-0.023937916,-0.040115256,-0.008110444,0.061328577,0.000291558,-0.015320261,-0.059689997,-0.000745496,-0.017158076,0.058639890947622425,-0.00665547,-0.006534167,-0.058349509,-0.007882387,-0.008620188
LM_2270,0.075350964,0.5592058420800791,0.014593545866571217,-0.053735437,-0.024974956,-0.008031018,-0.054291544,-0.02427885,0.050840114790438234,0.098977076,0.001271156,-0.058630632,0.096272765,-0.003609831,-0.000258053,0.045689585551136745,-0.036623201,-0.006529248,0.029508744225967425,0.10586530723526819,0.010710525611431388,-0.041305505,0.013366183103407508,-0.006985496,-0.041533026,0.011392606248318275,0.053084071,-0.02702017,0.006585936,-0.049938981,-0.026920536,0.000717561,0.035293471774895925,-0.018343213,-0.043598103,-0.031308341,-0.019481509,-0.051090369,0.068049758,0.049909532,0.024801807,-0.074031271,0.05588833,0.030449146676628295,0.015651933,0.066380105,-0.041658712,-0.017526339,0.06425704,-0.039658292,0.053015236030025795,-0.03102111,0.015064283951366051,-0.050423604,-0.029413159,0.010711183607124504,0.053790061,-0.026171078,0.017811612734648426,-0.051539257,-0.023933579,0.014546665572037166,0.044519976,-0.033697612,0.042617286,-0.045982007,-0.032470785,0.037936563,0.00101688,-0.056731315,0.027780078,0.056390213,-0.013359042,-0.006815988,-0.056091019,-0.012837889,-0.009546845,-0.008405025,0.12493190968151223,0.047757462,0.030928905159403018,-0.041611691,-0.008758171,-0.024930444,-0.042493332,-0.011804394,0.034444535794191516,-0.048504921,0.028658003,-0.031134729,-0.049282526,0.026307050972362824,0.057979871,0.06278672,-0.038338224,-0.062667567,0.059068285,-0.040408341,0.057327194504429864,0.007987873,0.061849104,-0.061595481,0.007633508,0.063477241,0.009762997,-0.052393872,-0.03144214,-0.002476271,-0.053222629,-0.032711038,0.00136592,-0.053765317,0.022355104,-0.003779628,0.13531810622308363,0.001175509,-0.00226574,0.08279477,-0.040269077,0.058592891507103805,0.050293924842754606,-0.011719942,-0.060718649,0.046882179604673016,-0.014526571,0.003944707,-0.058735,-0.051331067,0.052149159,0.015126417816260701,0.078847772,-0.057589114,0.012051071207069152,0.07544367,0.003876415,-0.056159246,-0.038967775,0.066625623,0.022500748,-0.01263126,-0.066502216,0.019815058,-0.014417218,0.043044443164338475,-0.029616812,-0.031976372,-0.044590347,-0.028643288,-0.030891934,0.031351684358900005,-0.041744666,-0.009021737,-0.024064321,-0.042602948,-0.011301058,0.060491424,0.002680204,-0.015946277,-0.060597834,0.000799342,-0.018103816,0.057330089,-0.007250375,-0.009135208,-0.057579014,-0.009260164,-0.011231524
LM_2274,0.075715269,0.5380809404608403,0.016085800296843852,-0.0394761,-0.028067502,-0.011768021,-0.041245734,-0.029063427,0.055738859,0.095950745,-0.000133782,-0.064190876,0.09310342,-0.001183754,-0.001463468,0.042922251343836273,-0.036314977,-0.000846355,0.023939449161186295,0.10598442152158791,0.011865240558958691,-0.036641792,0.012701417655718574,-0.007985691,-0.038564733,0.012349546448202662,0.050878520203089785,-0.025140115,0.012167567,-0.048292595,-0.027272384,0.007025971,0.035873665294149114,-0.01796872,-0.041777767,-0.032095912,-0.015928225,-0.048904227,0.067819389,0.041038771,0.035232881,-0.074625943,0.052177334467199785,0.021127285857369556,0.015183742141914425,0.062664513,-0.041386324,-0.018697641,0.062366798416788244,-0.04101313,0.049891740355061054,-0.02734946,0.018482301,-0.048216689,-0.031338243,0.018457939445555974,0.054206475,-0.024994434,0.020533440420550716,-0.052275879,-0.029533179,0.020110622591251293,0.048985363,-0.024499235,0.038590618878592775,-0.04707657,-0.029866882,0.035649623,-0.00030666,-0.048512139,0.031136634070286006,0.059338542,-0.01447037,-0.002580633,-0.058145893,-0.017714992,-0.005565084,-0.003785042,0.12275479460082259,0.051772289174224315,0.032698246,-0.035600992,-0.010181763,-0.027634804,-0.038990175,-0.010692185,0.032695087,-0.038082367,0.031652633,-0.031013626,-0.03995923,0.030342457546403155,0.054368360825825426,0.053199591,-0.03723021,-0.058554905,0.051384389883587483,-0.039143144,0.058386515,0.004375798,0.048768163,-0.06112604,4.937178636108422e-05,0.049452111809165804,0.00915434,-0.041677472,-0.03570925,-0.002761538,-0.042522889,-0.037381855,0.000920575,-0.046095024,0.020227755,0.001404058,0.12935405753982737,-0.01047855,-0.000417969,0.080966449,-0.041621139,0.055615826,0.04215086,-0.010999278,-0.060054197,0.039594034973669916,-0.013002639,0.002946871,-0.054250846,-0.052076384,0.053960648,0.008413229,0.068334586,-0.05972688,0.002729528,0.062267008,0.003132508,-0.048882099,-0.039597008,0.065963966,0.010059867324287382,-0.009918711,-0.068678251,0.007458548,-0.011212385,0.050985359918874616,-0.028195328,-0.02413912,-0.049071841,-0.029373669,-0.028153398,0.029517206,-0.035579854,-0.009368827,-0.029365903,-0.039028475,-0.01093422,0.064143692,0.00032142,-0.013508111,-0.063385436,-0.003620182,-0.016728788,0.062817965,-0.006633394,-0.00584596,-0.063013933,-0.00796649,-0.008453744
LM_2294,0.082866995,0.5403275287468118,0.014874092209459518,-0.044758751,-0.026226406,-0.010018078,-0.04474031,-0.024866499,0.053533636,0.091160013,0.001872012,-0.062486351,0.088120255,-0.003309691,-0.000153326,0.044161676805466635,-0.034645097,6.592262054484107e-05,0.030108503,0.10760884108661492,0.011075112344261727,-0.036212515,0.013458562430831255,-0.009458317,-0.035937894,0.008973989,0.049998873,-0.028265583,0.010263016,-0.049757344,-0.028937124,0.006863629,0.035155312,-0.017599519,-0.042222511,-0.029049596,-0.017718408,-0.047029774,0.070924055,0.056332696260693156,0.008017324,-0.07574465,0.056968291762645354,0.019438701428583324,0.014903386490363128,0.065044571,-0.03868317,-0.016928971,0.06210376,-0.039674589,0.048506311247724275,-0.0301706,0.016538698105437472,-0.049141445,-0.030458414,0.012138385186261856,0.050918347,-0.02804107,0.018952265161020894,-0.051730194,-0.028110197,0.014861616091111831,0.040125744,-0.027917351,0.040638131,-0.043410923,-0.028317402,0.037669213,0.000565418,-0.043871492,0.027220300374316348,0.058369382434725135,-0.017498435,-0.003293497,-0.056750963,-0.019783072,-0.00859746,-0.004973413,0.1270124136990677,0.052619270114432355,0.031274231,-0.038867216,-0.008319544,-0.030278538,-0.039574726,-0.011530677,0.034031805,-0.037221928,0.027946609,-0.031555168,-0.037895627,0.026804774120071016,0.056932484,0.051950577,-0.041643541,-0.056882475,0.048779123,-0.044048962,0.057058951,0.010490594540451884,0.055693877,-0.061211368,0.008271532,0.056099792,0.007849398,-0.046148495,-0.033874916,-0.002479487,-0.045234113,-0.033577759,-0.000864526,-0.043445932,0.021330800585341616,-0.005628097,0.12974508078448316,0.029547407,-0.00070803,0.078410876,-0.03818794,0.059167147,0.041237112463980014,-0.014307404,-0.062270879,0.038605578386519616,-0.014665531,0.004476839,-0.052307496,-0.05299398,0.053164069248142674,0.016097635,0.074420001,-0.059480296,0.010407448190478574,0.068414632,0.003819092,-0.048847632,-0.039456648,0.067253589,0.004896224,-0.012854067,-0.06612919,0.002606952,-0.015791028,0.048813338324749315,-0.030494891,-0.027484981,-0.043708112,-0.031348876,-0.030520582,0.027430057,-0.039334062,-0.007499061,-0.024323076,-0.039278874,-0.00994865,0.064761404,0.001440276,-0.016805389,-0.062532763,-0.001788072,-0.020274293,0.062030968,-0.010378448,-0.00595891,-0.059423391,-0.013446665,-0.009099293
LM_2303,0.11225133908283481,0.5410626747571393,0.013523243564745465,-0.046466026,-0.021569607,-0.010086048,-0.047436152,-0.021966141,0.050125381974488625,0.1046263680926742,0.002543488,-0.058379396,0.09450769,-0.005875329,-0.001033692,0.045111442286182815,-0.026338489,-0.000810597,0.024267393179637123,0.10019403675861197,0.009592401,-0.049497403,0.014971264,-0.008954899,-0.046314859,0.010690853423677264,0.051115041,-0.027949563,0.008469774,-0.049129705,-0.03073394,0.004684209,0.028723951,-0.019386614,-0.040032173,-0.026175001,-0.021821155,-0.043623805,0.066263622,0.051945013,0.029118858439147195,-0.070427847,0.056342972,0.027321134733191615,0.013802421212526363,0.062077475,-0.029708924,-0.017078321,0.060506931318913576,-0.031143036,0.050552767,-0.030907156,0.013106083,-0.049933128,-0.032725775,0.008717852,0.053614669,-0.028288881,0.015770266595573595,-0.053434557,-0.030594794,0.01253594,0.048861290200194286,-0.029037541,0.034925873630688005,-0.048983587,-0.031084631,0.034669406,0.000491976,-0.061179432,0.024173856584123504,0.053529427005083556,-0.012152031,-0.006078067,-0.053059739,-0.016543843,-0.009559721,-0.001433098,0.13844596246834195,0.015870272062793435,0.032274115,-0.038305091,-0.01120749,-0.028175919,-0.041945765,-0.011506895,0.033925066,-0.048071122,0.024218262,-0.031869531,-0.050756241,0.022689982651690033,0.055941062,0.056805636618371916,-0.034349322,-0.0565763,0.056749889,-0.038073221,0.057969917,0.014832915809383012,0.059667676,-0.063508683,0.020006462198488506,0.06006924,0.006289807,-0.048616872,-0.030456956,-0.003708223,-0.0478507,-0.03054814,0.001186296,-0.059109363,0.019653600028379084,-0.005288676,0.1386548261506327,0.020181340714931283,-0.003604064,0.079145125,-0.031590014,0.055597606,0.048665364268788085,-0.011102141,-0.056446017,0.044619358311668474,-0.012445594,0.003254897,-0.053694178,-0.04880112,0.056148802,0.014752539154866998,0.063748458,-0.06158631,0.012212165213261943,0.062834864,0.00223738,-0.053958907,-0.036825494,0.06111883,0.014933386219132986,-0.011952005,-0.061399198,0.010608594537873871,-0.01404478,0.037175205393984445,-0.025370345,-0.026555273,-0.030873749,-0.029638526,-0.031909999,0.028539165290627548,-0.03916146,-0.009389231,-0.02204273,-0.042814574,-0.008398987,0.057578143678413934,0.006203747,-0.016338731,-0.057048826,0.002320911,-0.018862133,0.05468038,-0.008121819,-0.008203231,-0.05306502,-0.008807409,-0.012370543
LM_2317,0.058653312,0.5271809404342587,0.013581652830286435,-0.042987988,-0.023818772,-0.007961778,-0.044067781,-0.021916237,0.053678384,0.093108981,-0.006692911,-0.06158197,0.086109419,-0.008021469,-0.001120467,0.040435446,-0.034049463,-0.002876009,0.025954244,0.10621403133997882,0.009856823,-0.038513689,0.009854163,-0.00787183,-0.039503998,0.010855686502854605,0.047429717008410976,-0.026773151,0.009137594,-0.045975505,-0.028448181,0.008414298,0.031016513,-0.015420893,-0.045066737,-0.027545181,-0.017407327,-0.045980447,0.065862535,0.058028585,0.042068828,-0.072280851,0.053889941,0.036312046,0.014898707544006422,0.057164782383351286,-0.035984269,-0.017724054,0.057814292586638484,-0.036436703,0.047170889,-0.0303682,0.014020737348448753,-0.046094746,-0.031179042,0.011969752600356712,0.050495933410336924,-0.030221002,0.017530836059694358,-0.048931354,-0.02945433,0.015177782699144316,0.046432254,-0.029183427,0.030439276,-0.045631634,-0.029643027,0.025323615742078406,0.000423025,-0.052612399,0.027724313592755595,0.054328424,-0.012802447,-0.001657311,-0.052414081,-0.015827322,-0.005661988,-0.001917517,0.1280719100219517,0.046831086,0.027659116858027466,-0.038067966,-0.007777138,-0.024004023,-0.040182778,-0.008305252,0.030168579975594148,-0.043303833,0.023407525538678985,-0.028539781,-0.044071736,0.022396002,0.052826252492795454,0.052384959133702835,-0.041921849,-0.055095852,0.050668828,-0.044618262,0.056644856,0.010595972341133816,0.058778566821199425,-0.060114978,0.00777456,0.057826189,0.00793094,-0.045478317,-0.03278874,-0.002653397,-0.04505326,-0.032042517,0.000727522,-0.048979625,0.018549157425952614,-0.001268131,0.13098164762517045,-0.002052088,-0.002961546,0.078198486,-0.038116907,0.053246667,0.043250846,-0.009600235,-0.055366847,0.038516530469571736,-0.012656953,0.002973457,-0.050540084,-0.050968409,0.054552774,0.009411353,0.066183328,-0.059976913,0.011246417560922175,0.064980773,0.002856499,-0.048443138,-0.039686251,0.061690639,0.011372277152938174,-0.007838794,-0.062794063,0.013103639,-0.013342316,0.044869310440632595,-0.024683531,-0.027484552,-0.043023511,-0.026347707,-0.029981528,0.027174846599134782,-0.038133585,-0.00754004,-0.024537091,-0.039691856,-0.007951896,0.058917466,0.004291467,-0.013654889,-0.058655076,0.001705566,-0.017780363,0.056226362,-0.005973042,-0.00392543,-0.054721961,-0.010715493,-0.008674874
LM_2343,0.066583432,0.5138101387763905,0.012505888152054155,-0.039834187,-0.025886746,-0.007899735,-0.040256141,-0.026023469,0.04978617,0.088379579,-0.00647517,-0.05996203,0.080890467,-0.010859654,0.00040174,0.041709626,-0.037235273,-0.000129289,0.026531122065744824,0.10586155233967565,0.010260581046263846,-0.035973638,0.010312178194675257,-0.007616286,-0.03731075,0.011527868322502044,0.049560049,-0.024366394,0.008424781,-0.04899037,-0.027397715,0.008382815,0.032059582,-0.014438675,-0.041799406,-0.026479726,-0.011379729,-0.044751556,0.06848314,0.043834586177942295,0.032515893,-0.075035338,0.044994191,0.032522561018051545,0.015506610670358323,0.055637772411287124,-0.03909783,-0.014319409,0.057383388519173184,-0.038749827,0.048869825,-0.027307367,0.017273823011274312,-0.048059819,-0.02944629,0.013200922956827666,0.050907894,-0.024730338,0.018922093,-0.050706488,-0.028341533,0.014960018102835882,0.045596887,-0.026464919,0.031550454,-0.046793576,-0.026920612,0.028399477,0.001387181,-0.043476305,0.027286562,0.054786454,-0.014068256,-0.002974925,-0.053846443,-0.015596479,-0.006913222,-0.004241344,0.11858268646154148,0.053559792751269514,0.031138046,-0.035371745,-0.008389787,-0.028483956,-0.035964698,-0.011089625,0.032158006,-0.036187563,0.028515910464940397,-0.031839108,-0.037928071,0.025663027,0.053588760675301425,0.044714484,-0.040758071,-0.054554083,0.047874637,-0.039524931,0.059387934,0.007973396,0.051394643332437644,-0.062984121,0.005802169,0.050041838,0.008344414,-0.041976535,-0.02991646,-0.003600782,-0.042440217,-0.029571407,0.001093755,-0.042398688,0.018445419,-0.00287511,0.12037216343381396,0.008981411,-9.44E-05,0.072214819,-0.042408691,0.054241556833192935,0.036451224769357776,-0.01378327,-0.059973921,0.040083058066683885,-0.015160711,0.002771994,-0.044851065,-0.04645923,0.053249966,0.010589637347444317,0.072928645,-0.058756655,0.00828622,0.0692944,0.003010925,-0.044754888,-0.03479457,0.065710475,0.012265755,-0.012762425,-0.064881256,0.005068023,-0.015380908,0.046470794,-0.023495428,-0.025750654,-0.043470234,-0.025625231,-0.028715127,0.026354065706145312,-0.035861791,-0.006499968,-0.023726351,-0.037082399,-0.008203546,0.061117696478843284,0.000200315,-0.015798653,-0.060989291,-0.000604991,-0.019201125,0.057911477,-0.006785285,-0.005694191,-0.05635279,-0.011201393,-0.009335658
LM_2368,0.065077723,0.5490440751649603,0.016015248683526228,-0.045871488,-0.023589718,-0.011022697,-0.046809893,-0.023982611,0.052887595,0.095381048,-0.003600518,-0.056602688,0.094270668,-0.007129831,-0.001792708,0.042251401,-0.03629516,-0.004245738,0.022826569134927404,0.10431935421954308,0.012720573592612158,-0.040033519,0.009331618,-0.009478923,-0.039747856,0.008596564,0.054308677408961004,-0.027718069,0.005643267,-0.050952049,-0.029214244,0.002527545,0.034471202781350165,-0.015218325,-0.041049095,-0.031260241,-0.014535107,-0.041226624,0.067737161,0.051744595,0.031848121,-0.074105676,0.052018868661412095,0.031270445,0.015642461390946456,0.064417552,-0.042872491,-0.017630343,0.063381339,-0.043765551,0.052764804,-0.030094103,0.015801533,-0.050342452,-0.032991681,0.014097589,0.055474386,-0.029892679,0.019120456956835088,-0.054066805,-0.032563435,0.016810152143774064,0.050508336,-0.030247586,0.034691348311716545,-0.050208421,-0.029548556,0.035230265029294855,-7.07E-05,-0.0507036,0.037600437,0.060941425,-0.013083249,-0.003624732,-0.05858676,-0.017791856,-0.005292476,-0.005883722,0.12854965220010434,0.05079179,0.033149528,-0.037711638,-0.008313149,-0.028833584,-0.039737827,-0.009704658,0.031500225,-0.044805842,0.029059022,-0.032225914,-0.045142946,0.026928050623904957,0.054569922,0.059838158,-0.037761565,-0.056793687,0.057854238,-0.040097623,0.057557918,0.000427489,0.048652144,-0.061830198,0.000979408,0.048531208,0.008740496,-0.047251674,-0.033073421,-0.003580914,-0.047374784,-0.033889533,0.001680494,-0.048762242,0.020627246591546283,-0.002294452,0.13489613856291435,-0.004863352,-0.001243115,0.082564193,-0.042466381,0.057189282,0.049388141,-0.01268825,-0.060811935,0.046036816,-0.016074425,0.00284574,-0.054739548,-0.047958434,0.049722282,0.008441866,0.074461881,-0.058859641,0.007004612,0.069145152,0.002914283,-0.05277684,-0.038577105,0.067369633,0.014933492934495465,-0.009484022,-0.06825676,0.011355602989691195,-0.012370519,0.04887008,-0.025556697,-0.025060454,-0.044771381,-0.0276323,-0.027659064,0.036964776266396715,-0.037313339,-0.008897869,-0.032835316,-0.038742803,-0.009659962,0.063338039,0.003303768,-0.014995676,-0.06390158,0.000309197,-0.016642477,0.061954981,-0.007555267,-0.005178622,-0.059351134,-0.011005821,-0.007239823
LM_2380,0.061973324,0.5477542884593082,0.015109911298534777,-0.047055187,-0.022414661,-0.010950802,-0.048680035,-0.022209048,0.054689922,0.097431049,-0.005488656,-0.063101083,0.093298794,-0.011776794,0.000920805,0.038359771278831625,-0.030879262,0.000391605,0.027365684477145692,0.10304035008419642,0.012921225,-0.038071076,0.011961925,-0.010590415,-0.038105083,0.009317959,0.053772019990434905,-0.024664307,0.011745982895538739,-0.051680673,-0.027772939,0.009955576,0.03691287,-0.015229878,-0.043330485,-0.03192285,-0.016487217,-0.046104964,0.070667392,0.05894514,0.033570019,-0.078405892,0.062075666679887335,0.029228213773959292,0.015784831018821926,0.060063084,-0.036711838,-0.016803889,0.060242265890727585,-0.039304075,0.053130331585261925,-0.026274996,0.016912411,-0.051062351,-0.029109904,0.012797964926296531,0.054973377,-0.024694848,0.019425448690480903,-0.053495817,-0.027671549,0.015522828180968415,0.050873161726132744,-0.023354502,0.038231177,-0.049768844,-0.02764189,0.033431627,0.002403339,-0.053173205,0.031992592,0.059965192031267954,-0.00965414,-0.004634008,-0.060309368,-0.012172561,-0.00940855,-0.005378084,0.12610976136898977,0.050371928,0.032037634339443115,-0.039916348,-0.010174224,-0.031275696,-0.040682591,-0.012770641,0.035545558086652024,-0.040655183,0.028624536,-0.032857841,-0.042601248,0.026796307859529737,0.056542397574085156,0.050425178,-0.035439377,-0.06287456,0.049707523155333395,-0.041534189,0.059014553786234034,0.003564327,0.053024844,-0.062022961,0.003781672,0.060243971,0.007627282,-0.050480419,-0.031890352,-0.003614907,-0.051635219,-0.032122956,0.002450491,-0.049443222,0.021703721599838948,-0.00300046,0.13768372731809078,0.015432051597828855,-0.002163379,0.078387435,-0.038553141,0.057833927934491804,0.043461636331929544,-0.009656047,-0.061620467,0.041154299,-0.015163673,0.003794619,-0.056782939,-0.046813887,0.058303925,0.003716823,0.058072371237513354,-0.06118814,-0.000904066,0.052555441,0.001770684,-0.055816111,-0.038165341,0.066280034,0.011326523224583702,-0.010447983,-0.067888389,0.013378089395990838,-0.013737452,0.051158122,-0.026322283,-0.029289804,-0.042218644,-0.029887335,-0.031140511,0.027065413540686246,-0.039192981,-0.007371133,-0.027458823,-0.040746714,-0.010958052,0.062567,0.002716697,-0.018599449,-0.06303974,0.004515973,-0.02098805,0.062389848900124625,-0.005484208,-0.006759712,-0.0622034,-0.00734694,-0.010120931
LM_2458,0.069156837,0.5295344772402615,0.013216891023970624,-0.041739363,-0.025466999,-0.008237528,-0.044466218,-0.025746239,0.056412682,0.089310737,-0.001475901,-0.063870049,0.080435652,-0.007852818,-0.001191278,0.03848552,-0.03188888,-0.00327369,0.034726998,0.10331946725438668,0.010772239,-0.036926857,0.011726533,-0.008861862,-0.039317957,0.013013487,0.049850382843223316,-0.02388828,0.010880866358577528,-0.047872838,-0.026506943,0.00937684,0.030247711,-0.019450163,-0.047586523,-0.022157695,-0.028918857,-0.051098893,0.070389105,0.048673297,0.031257449,-0.074237407,0.051170851183332304,0.029900558631669693,0.014704074235537445,0.061254891,-0.036641849,-0.016641096,0.060032949,-0.036556935,0.048816323,-0.026594994,0.017519568,-0.047765468,-0.029599483,0.014511601401077498,0.051162014108699194,-0.025553102,0.019823145211703516,-0.051126749,-0.02773391,0.016602285434485206,0.04770667,-0.02539533,0.036340708,-0.048026542,-0.028038138,0.032451382,0.002300051,-0.049321206,0.031040105899828398,0.055006351,-0.01304167,-0.004586957,-0.055221583,-0.01588329,-0.007828078,-0.003963585,0.12667307318200557,0.046414723,0.030837870176314234,-0.035138516,-0.01046764,-0.024385831,-0.038396707,-0.009456578,0.031004859,-0.038847385,0.030937018769062002,-0.03149293,-0.040819498,0.029552342228385806,0.057038109,0.052951543418092634,-0.038621294,-0.058518587,0.052987298427456996,-0.043237887,0.060872331312662245,0.009484654,0.057975516,-0.064010439,0.011591055815970953,0.06100776,0.007208149,-0.043229487,-0.034368613,-0.002121414,-0.043969209,-0.034508348,0.002289701,-0.048288866,0.022622182399300386,-0.003944686,0.1314013448325707,0.016008258655332147,-0.002547857,0.073992997,-0.039507027,0.057210533,0.041213156,-0.010331146,-0.056451578,0.040777698148669675,-0.013839039,0.005215426,-0.051791713,-0.051874292,0.060126637,0.00339725,0.055518021,-0.06395312,0.001851998,0.051434881,0.003203011,-0.049401829,-0.041317946,0.064306359,0.009668483,-0.00926153,-0.064786509,0.010334992449665072,-0.011969515,0.040653731,-0.023992856,-0.028877559,-0.045878233,-0.024468677,-0.032363137,0.025558726,-0.035365623,-0.006985337,-0.024597568,-0.037851459,-0.008673576,0.060009019644301255,0.003608169,-0.014797141,-0.060582816,-0.000282988,-0.018495094,0.057013837,-0.009939098,-0.005819352,-0.057413856,-0.009864937,-0.007732579
LM_2463,0.068246901,0.5374159008366857,0.013326679,-0.043828889,-0.025079407,-0.00904621,-0.045205779,-0.026255911,0.055093875,0.095269402,-0.001716536,-0.058252585,0.091738093,-0.004903676,0.000643936,0.040860439,-0.039440815,-0.00486751,0.027631997910921524,0.10971692313195418,0.010281785,-0.03530711,0.011390173436419434,-0.00813343,-0.03720568,0.011159932848878049,0.050667217458154765,-0.024600307,0.013101576,-0.049457704,-0.027949956,0.010072236313252296,0.029472308,-0.01462212,-0.039995354,-0.026613446,-0.011022024,-0.04353586,0.07076575,0.057657305,0.037366604,-0.076130208,0.054860506,0.042320650079365606,0.018655898236959886,0.059706969436815756,-0.047439123,-0.017929858,0.060535084,-0.047581052,0.050074329,-0.027194147,0.017359927261771955,-0.04973796,-0.03217194,0.015593253282794144,0.052720404001346186,-0.027347499,0.021008151,-0.053033906,-0.030636318,0.017572374237395647,0.047481595,-0.027576078,0.033086791,-0.048903993,-0.031247631,0.030858033,0.001348114,-0.04951948,0.029164889525200657,0.053926491974193205,-0.014797785,-0.007640042,-0.05352232,-0.019321935,-0.008338091,-0.004779312,0.13159198595366894,0.046987704,0.030071266605821594,-0.035806622,-0.009119203,-0.028003722,-0.039036938,-0.010027166,0.034510218,-0.039594488,0.027027924,-0.033392933,-0.042209426,0.025872376,0.05435555,0.050656116440255576,-0.044667728,-0.054860681,0.048203848431121986,-0.046474324,0.057115019,0.001905815,0.052175939511477504,-0.062597546,0.000185419,0.059261203872455405,0.008519136,-0.044846631,-0.032533348,-0.004421032,-0.045495482,-0.031298032,0.001170757,-0.04731241,0.020267332,0.003321897,0.13355105119598207,0.013174065762714387,-6.34E-05,0.079919639,-0.046304571,0.053219330740579184,0.042948693950566774,-0.012738896,-0.054939792,0.038821443,-0.015253664,0.003065893,-0.048851398,-0.043160794,0.052530393949860296,0.009878018,0.071660995,-0.060250486,-0.005543726,0.057884198131100253,0.002340163,-0.050051265,-0.03668136,0.062346362,0.012590409387959514,-0.011054323,-0.063400052,0.012075384,-0.015992194,0.045852931,-0.026304867,-0.027825485,-0.042389361,-0.030550878,-0.029438687,0.02603258,-0.035676919,-0.008208332,-0.023525139,-0.038524682,-0.008573716,0.058130154,0.003320976,-0.016261475,-0.059102242,0.000644902,-0.018498993,0.055584976,-0.010750953,-0.008375936,-0.055270211,-0.014442136,-0.009669161
LM_2467,0.0660261,0.5313813648633543,0.012706795390704248,-0.046437639,-0.024805365,-0.008858145,-0.048543067,-0.02535884,0.055890506,0.089829418,-0.006654504,-0.062002515,0.084547983,-0.00589128,-0.001016006,0.038562049,-0.035907657,-0.003286538,0.023123606795230792,0.10693724521113665,0.0097026,-0.03843461,0.010450983760055698,-0.008257965,-0.039075156,0.009309074,0.049515258880314696,-0.022931951,0.006521896,-0.047365648,-0.027008593,0.004584923,0.032437398,-0.013599971,-0.04587338,-0.029107533,-0.015726372,-0.045827276,0.06741134,0.061867679,0.032900319225212284,-0.07184252,0.059528879,0.024679345,0.017468041,0.058477083,-0.041047315,-0.020375223,0.059855117,-0.041935514,0.046071011766575604,-0.02943101,0.019083604,-0.046985445,-0.030530082,0.014166391,0.049028034520405425,-0.027776024,0.020657506,-0.048702941,-0.028963618,0.016288723373718565,0.042282416,-0.028305363,0.036966986288112604,-0.042170674,-0.03041442,0.036344395,-0.000677731,-0.048686131,0.032558146,0.054098642,-0.012814368,-0.002642091,-0.052254499,-0.01712227,-0.004255729,-0.002462309,0.1297886864280148,0.049746775,0.028906101818161757,-0.038274527,-0.008257075,-0.026943463,-0.039915069,-0.010518032,0.032978509,-0.03850294,0.026354528445675717,-0.031261222,-0.040531324,0.02450281,0.052623002331418395,0.050576598,-0.039511294,-0.05411848,0.046720478,-0.041347619,0.054218891,0.003827218,0.046588862,-0.057549459,0.005341155,0.047532339,0.007883455,-0.047649875,-0.035284452,-0.002389365,-0.049263137,-0.036148468,0.000226028,-0.047846582,0.019228161484320334,-0.002420593,0.13550466421494617,0.015539791416539274,0.000843738,0.078873221,-0.041930109,0.053808068,0.045420498,-0.010053209,-0.061062938,0.04016801,-0.011841745,0.004384413,-0.054997095,-0.05437464,0.047452893,0.007617003,0.072804164,-0.051062271,0.008514696,0.073080344,0.003571675,-0.053542878,-0.041860953,0.063995909,0.014997805956046575,-0.010722082,-0.064877228,0.015205557452880047,-0.014571477,0.044845328,-0.025436661,-0.025761351,-0.041626457,-0.02758929,-0.029124642,0.021302611150778607,-0.038444733,-0.00538522,-0.016688217,-0.040420054,-0.006783441,0.060211582521994614,0.003798163,-0.012400667,-0.058894629,-0.000685385,-0.017209778,0.056447793,-0.005017349,-0.004927873,-0.056052029,-0.008228023,-0.008614235
LM_2487,0.065481868,0.5216410036353607,0.015613347479701008,-0.044300487,-0.024305477,-0.011012628,-0.046072019,-0.023283244,0.055624573349512686,0.085284555,-0.004964031,-0.060537612,0.081947064,-0.011409056,-0.000566181,0.039298631,-0.032940182,-0.002749973,0.02047485,0.10412061298344594,0.011137923501571693,-0.039401409,0.014080199,-0.009445358,-0.039686386,0.013953158702004824,0.048335477338095824,-0.024106748,0.00421718,-0.046448405,-0.028059699,0.002039385,0.035631082917121575,-0.015161775,-0.04645172,-0.032295396,-0.016063067,-0.046875503,0.066110688,0.052893786,0.023701758957492703,-0.072853354,0.052652514,0.024246963676523133,0.015268735522365098,0.05949068,-0.037593633,-0.017585387,0.059659418,-0.038155053,0.048402904047036274,-0.028400234,0.015354299396797307,-0.048166634,-0.030881211,0.012117639128095027,0.051555264,-0.025898043,0.017213280852141324,-0.050757629,-0.029047408,0.015314218171921561,0.046477408428639774,-0.026964242,0.033127236565537066,-0.046775399,-0.030465251,0.030194720574665584,0.002727921,-0.050795214,0.028649416355986064,0.053626917,-0.010350996,-0.003733289,-0.052754897,-0.01558276,-0.005367971,-0.00489139,0.12361676780204307,0.043270305,0.025891009788758662,-0.03673483,-0.00875027,-0.024271392,-0.039080617,-0.008857233,0.033953918164619526,-0.039092826,0.026356733601005846,-0.03560373,-0.019361866,0.020854001972302534,0.054040903,0.054619343,-0.03549219,-0.052763504,0.048949322558316695,-0.039407012,0.057312976574725796,0.00806293,0.05913787,-0.060712159,0.003674965,0.056367811136018034,0.007905345,-0.047571936,-0.035163426,-0.002188451,-0.04710372,-0.034878603,0.002295087,-0.049265892,0.022077065,-0.001635567,0.12934214897821153,0.011780741416601735,0.000384426,0.073656806,-0.037756276,0.051973689,0.043141207,-0.009201794,-0.054960389,0.038723959,-0.012503933,0.003333003,-0.053886214,-0.052142302,0.053494178994118506,0.010124228892186777,0.069503378,-0.058434332,0.008880508,0.068573599,0.003568554,-0.051435947,-0.038027826,0.061676055595657336,0.014454359408781349,-0.008063027,-0.062892435,0.014583840792080168,-0.009922224,0.045782017666180216,-0.024670309,-0.024263808,-0.04292724,-0.028906696,-0.026213927,0.02852643,-0.036340602,-0.009258965,-0.027798162,-0.039143159,-0.0096238,0.058367951,0.005758854,-0.013347972,-0.05847278,0.001422252,-0.015589013,0.05550394,-0.00594369,-0.005347802,-0.055021344,-0.010937736,-0.007361012
LM_2508,0.058997877,0.5390802019595992,0.014374478,-0.046966944,-0.026194562,-0.00964088,-0.047681192,-0.026038444,0.057870875,0.08969728,-0.004234455,-0.063299183,0.084614334,-0.00989507,0.001064853,0.040823301600032995,-0.033346842,-0.005324046,0.022016249940649404,0.1108152616532627,0.011851037852308682,-0.04026211,0.011913127,-0.008965953,-0.041522945,0.011334937080897237,0.049837998,-0.02611769,0.007354824,-0.047505111,-0.02775058,0.006559547,0.029611018212879783,-0.017096515,-0.04035238,-0.02501655,-0.016693649,-0.040756649,0.066648539,0.056676492974792006,0.029872388984478783,-0.074110438,0.05951086,0.037593584,0.017578472140911506,0.061434147,-0.035696957,-0.01635314,0.061427593,-0.037007804,0.049613027,-0.026666892,0.013755900453868512,-0.048557776,-0.028834517,0.011530427918690262,0.053053749,-0.025112607,0.017087401145994635,-0.052410463,-0.026129744,0.013222221208220981,0.047215941,-0.02448878,0.034787786,-0.048426231,-0.02667829,0.031519770958138876,0.001989482,-0.052850201,0.030733231335463802,0.056212243,-0.010880206,-0.006041392,-0.056425127,-0.013451792,-0.008755395,-0.004856923,0.131108204,0.052392356,0.029734762671538524,-0.040236265,-0.006258662,-0.027192799,-0.042538632,-0.007637677,0.033919615945939285,-0.041113958,0.026225586398261582,-0.032196217,-0.043322637,0.023986318,0.051509461,0.056654796307671854,-0.043437591,-0.055368884,0.048862595,-0.045115133,0.05487231,0.012820622506933431,0.053805351545189894,-0.061517228,0.009210376,0.05749549,0.006650371,-0.050386375,-0.032243331,-0.00131319,-0.050905327,-0.031302097,0.00099211,-0.050454474,0.019332437222860877,0.002799546,0.13844286317271254,0.015384405408019422,7.890269491666841e-05,0.079279945,-0.03436514,0.052405537,0.043419117142831906,-0.01189943,-0.057003776,0.038491113288371924,-0.015277216,0.00224094,-0.05676827,-0.047901215,0.055217487422733955,0.012548340117780096,0.064419389,-0.061371044,0.008183901,0.055939854400210744,0.002074914,-0.055090675,-0.039592383,0.062844874,0.011447528595747688,-0.010736399,-0.064387462,0.008990255,-0.015714255,0.047549285,-0.03080061,-0.028741079,-0.042882604,-0.032528649,-0.030818739,0.027588121,-0.039521658,-0.004832051,-0.024534349,-0.042378221,-0.006182245,0.060293496,0.005568219,-0.016833582,-0.06042184,0.002716628,-0.019302471,0.059715349713840106,-0.00055122,-0.009172006,-0.058327584,-0.008163136,-0.011378947
