,PC 1,PC 2,PC 3,PC 4,PC 5,PC 6,PC 7,PC 8,PC 9,PC 10,PC 11,PC 12,PC 13,PC 14,PC 15,PC 16,PC 17,PC 18,PC 19,PC 20,PC 21,PC 22,PC 23,PC 24,PC 25,PC 26,PC 27,PC 28,PC 29,PC 30,PC 31,PC 32,PC 33,PC 34,PC 35
LM 1_X,0.03851292399640096,0.0280391024248283,-0.05079220701757219,0.03749464289894933,-0.014757945375049049,0.011854749697607029,0.02551761204569624,-0.002662828085525029,-0.02875135253045198,0.014560093179413154,0.022661956913851474,-0.06906826598843743,-0.08363387482715712,0.027631049371670338,0.009592712730710069,0.05343922205760471,-0.06032488898463719,0.03161279680658714,-0.0837673288869284,0.07004575885550902,-0.0027209228670273047,-0.10590587393323812,0.010293595399538013,0.15065661667636,-0.03520232274348691,0.12605359617196596,0.03296663808212481,-0.0641418748456289,0.011640841268756641,0.04779036850389418,0.15942651520951856,0.07433433711009295,-0.05273386379122656,0.05247274783804252,-0.19920737048469883
LM 1_Y,-0.1197871419173905,0.10655034787088238,0.01649293152648202,0.06093425976238959,-0.07416576508133386,0.16223530380530396,0.0980105096303029,-0.01973319646264568,-0.028207921485939435,-0.05385097735281353,0.02674456349985801,-0.05238058934328916,0.07383709704003961,-0.04517065396833708,-0.12279997453067377,-0.042529716305140894,0.08801202101865212,-0.08703501015834696,0.0016211969647269636,0.02636092425300961,0.09217958180920817,0.10528598960348781,0.00047044266740954306,-0.03758352513392576,0.01932299297250871,0.048347297344071456,0.04690051969727729,-0.01923883243813793,0.02418556395152943,0.08563038109394348,0.051706204863457235,0.057465436652945324,0.103561960113477,-0.051560137242557154,0.04195900196496067
LM 1_Z,-0.004874784721275238,-0.029719622696745145,0.03060946931711305,-0.08142865905551196,0.00015149087824285905,-0.05265735198598211,-0.04877097273532835,0.016999709631677826,-0.005254289901886625,0.06503156748263972,0.01338071981160825,-0.03248471083573986,0.09129570513775927,0.027453053019638487,0.06176583361248425,0.023973473902932828,-0.03667345907098171,-0.17586293164166186,0.03743010341060151,0.0652511222847224,-0.06420461565990276,0.03212505084131106,0.12518456889798343,0.07974836705468956,0.12756797405147827,-0.05558985601095469,0.026502340458515742,0.024933655314766486,0.07826803659133887,-0.15472894540190105,-0.026872765805432314,-0.00873067972943086,-0.01690659332701388,0.11441684406648651,0.03366799294001248
LM 2_X,-0.024033314216362678,-0.014790823454643887,0.02032086076936973,-0.02688097918730442,0.03423497817429118,-0.05441532186676271,-0.027155796428105228,0.012469349640560198,0.0652781640189766,-0.028326672485736414,-0.08067863648861506,0.0221367562791715,-0.01106516204085782,-0.08051090498590628,0.11765309373393694,-0.046339692740554335,0.07399918752687551,0.04414774697012088,0.0289066842883752,-0.05186501111603704,-0.04832586322024739,0.05419145895577725,-0.05331331233253152,-0.03078205642793415,-0.04691912639651901,-0.0533531947711513,-0.09148162113904641,-0.0770817209215604,0.00387495224617031,0.10380067503942904,-0.0107080745016533,0.10255970519973939,0.1798425751991113,0.014147416783063322,-0.02764337308765284
LM 2_Y,-0.12096961195091288,0.10582359438864908,0.016437936464931625,0.056225174919878516,-0.057791505813628186,0.15682549967171158,0.07027281517086037,-0.014612890880537823,-0.049104358136626766,-0.055949387294637457,-0.013914976984052555,-0.07451339228223651,0.09663188179805456,0.019159828174492077,-0.07480619596398774,-0.015667804187159663,0.0867967208685104,-0.05024434948561086,0.13041979257298944,0.029894844739377285,0.07636376447226084,0.05750592802307407,-0.1184402534347211,-0.0039874595496277344,-0.023540321623839143,0.040853770327408126,0.01371471780941849,-0.007718592487015346,-0.14288671452351662,-0.035811592943779884,-0.03328140107916188,-0.01939209923974421,0.1387856350490514,0.012878809256000616,-0.02467865050002293
LM 2_Z,-0.019666133552241893,-0.04117113959334789,0.07281881146478733,-0.07675422864892786,0.051759842303167776,-0.0739162272307099,-0.024940659183957353,0.00586497358217941,0.015537412990811395,0.10326588632613798,0.033503838341257836,-0.020724283336997777,0.0720004323087525,0.09317065715628305,-0.029793549456340176,-0.01637276324909325,-0.04595546470856556,-0.10982309012444913,0.0030287078575273957,0.04068975619300219,-0.11436698460237804,-0.015013924354630668,0.07678344271470383,0.1529064951226588,0.06976086580655937,-0.03843812611669794,-0.014170340984772422,0.039163012221718564,0.08184561360388572,0.020254522555348844,0.06280001444665992,-0.05068195354500704,-0.011624471642928506,0.07058332783001317,0.08131976332300934
LM 3_X,0.003885268129144459,-0.017624690975592217,0.004349045280290933,0.03940407759997426,-0.020618207359732507,0.010696598255679386,-0.02310956834101299,0.02096875589811119,-0.004212700611896129,0.0007157806928599362,0.011547456344454714,-0.015207167170572092,-0.0238424692886543,0.020114264558810314,0.007561385110118485,-0.09843277575615192,-0.003305095303095485,0.028045079570892664,-0.016890070504046225,0.01453164956420202,-0.09749366094319249,-0.01991018067398716,0.022944186974463102,0.0676629424432402,-0.060733516897008996,0.003163183308145858,-0.10508607607196961,-0.08624526390037802,0.014329813671455307,-0.10298379346537821,-0.07996033589243788,-0.1241870784462173,-0.10284762095136374,0.11300604383889287,0.4099715199602303
LM 3_Y,0.055904096514141105,0.01223013813972005,-0.10249449038587767,-0.09165657577430034,-0.062182036042076665,-0.029256144886935582,0.026450440654024545,-0.04244232745224785,0.13184169171497603,0.10676212211385004,-0.1446719029550635,-0.07610880819161295,0.04609347753052317,0.04228055048456752,-0.01234948511734125,0.03790883424559777,0.02981923567007976,0.022824397515228224,-0.041406993554617605,0.07001451579912456,0.07168294215808967,-0.031318467906501286,-0.017065876241330505,0.05454861856483791,0.027957746242659228,0.22800647455133033,0.11102180600208704,0.02809303081712932,-0.22789834431393816,0.19821547313892826,0.044519040056241486,-0.07977260315951898,0.07350989727604056,0.19442359526907063,0.01972360882076686
LM 3_Z,-0.016781979205343998,-0.06036025453755812,-0.03919124131500493,-0.15716517990590165,-0.14367659879381423,0.08216936586142387,0.1507734010616949,-0.0336598020992353,-0.20554481564265548,0.038506120818641354,-0.06382121313557411,-0.039735758560173425,0.0048682970143199425,0.011495539607309205,0.03369291183489397,0.028558357501857326,0.02034896551809976,0.09259038876997801,-0.12008105868207616,-0.24213646181577336,0.06464957267322921,0.08104389625005982,-0.018325644843841946,0.16463213745974464,0.030663208642925866,-0.11172498580347881,-0.15437392928055457,0.10099417813134795,0.07211058412779306,-0.056187138137694166,0.06933022974593125,0.04879404900379455,-0.03228620285947325,0.15417381040114625,0.03337242197094886
LM 4_X,-0.014361614525760277,0.0004602241483496699,-0.023925822664373368,-0.09669798226519428,-0.010036918111788065,0.021331633337023648,0.07118371184491579,0.010024472660451771,-0.033244132056953576,0.08421473743739832,0.015827108944561404,-0.05019856607159114,0.2920398852384273,-0.14619438151705202,-0.07257256546873268,-0.03377493546418419,-0.215482003410514,0.1960734245411857,0.11895676330247146,0.21933688154969774,-0.15411398807636317,-0.05892886743328024,0.11123627596877969,-0.06101382014775036,0.08994224842186514,-0.2164431518945014,-0.04718143931126199,-0.03153141114498964,0.009016137844504394,-0.13844660837850317,-0.13203062418100606,-0.039252537611218004,0.179534429098774,0.1367283358234068,-0.3418616777751749
LM 4_Y,-0.034545188259358636,-0.07025590323392823,-0.08228903951167223,0.012630824196497888,0.005168725827519283,-0.11774333837116784,0.18635775190583623,-0.13585024674288618,-0.13035614414407914,-0.4504515923931779,-0.09364636954766549,-0.09467695789816909,0.033741303254566445,-0.17844580120199272,0.1422459843674051,-0.1225936784681112,-0.009812733772716388,-0.02848904586784003,0.11047940729205694,0.09187020527885426,-0.05399052704542507,-0.133289950256312,0.017937453911953966,0.01741962873373444,-0.2214478462315043,-0.05798169973687203,-0.053857454634811674,0.032435687635207607,0.168089896867293,0.14207264031998035,-0.03798591269975986,0.12487035436797955,-0.08943791571491469,0.16302405023031089,0.13080420337701884
LM 4_Z,0.11882093229431842,-0.026306746230957464,0.07289535691283765,0.10933870100892289,-0.05638170092772972,0.20914169033274435,-0.05133791752466325,0.03993019469660494,0.2332822206431644,-0.07441066390459765,-0.09458121194340881,-0.003494909829406714,0.0812677890649804,-0.032772486433556694,0.16454258671274002,0.13189737644834038,-0.054765567619992656,0.13226103537970296,-0.2611865687924394,0.18419865897841184,-0.14876313960225018,-0.046398367610948,0.12840661074117962,-0.00836480404905942,-0.1705658095032131,0.009825683429615865,-0.23701632429620756,0.1229587063084072,-0.05580972068761734,-0.02590769574633143,-0.11642459625631084,-0.09298616774304026,-0.11710017342238242,-0.10318190697763613,-0.01585190771304938
LM 5_X,0.07726547971116376,0.039368350753156346,-0.0662831835183651,0.09528888649270538,-0.07957381585535342,-0.03691486249874467,0.08042933265642319,0.03032534552560945,-0.021744291820634382,0.04268949111644417,-0.043571032977067645,0.049647498760060214,-0.0007080208127592556,0.055536998186890264,-0.01436449272534251,0.027638687294069295,0.035965292679145874,0.006290463585258241,0.08300657532161061,-0.06436692166302446,0.1468111981525363,-0.05654557530064169,0.0008557443031652549,0.0023477187923261564,-0.1222412334546674,-0.05664201448114551,-0.03906582857509604,0.0018271685094764284,0.049733464204974445,-0.0007704435581026807,-0.0031754206257790145,-0.11177162235847304,0.07050729647595397,0.10682222365243355,0.300744368146743
LM 5_Y,-0.04620038021223548,-0.009536388437410045,0.042903437052258665,-0.04246946688137252,0.021031336452880717,-0.06345615574230788,-0.09003456757997477,-0.013588164099772095,0.012554522435406053,0.011162314444518723,0.10205122943139698,0.03110358649727378,0.04630371134011256,-0.0745690930703923,-0.004779960143062875,-0.13798245239487508,0.025245668525923335,0.06734532153757986,-0.060213989272530695,0.026011806275903306,0.12167679390843901,0.049787114742698695,0.05313909809349004,-0.008635990832173614,0.11289471663467664,-0.005968737528606977,-0.0015330173706709525,0.017228741592307636,0.14215870302105804,-0.012925860950855853,0.09239004996940652,-0.0302411072329048,-0.06314626156852922,-0.02839901679366649,0.012418843604944515
LM 5_Z,0.01202668227140787,0.04214226837100632,-0.03360032736868893,0.06124897557517029,0.005969589676359952,0.044186613861510196,-0.07662604302076467,-0.07726134756140374,0.028387651906895545,-0.03674860097932952,-0.027531318196959798,0.004434417983298729,0.007217852281513159,0.024256078764150122,0.057848880180140116,0.032159678079956594,-0.004114955867084322,-0.025522413087144452,-0.015060697145727263,-0.09035264520740786,-0.02875390855959294,0.08347308346340215,0.010605023285113716,-0.07456458552127115,-0.11048458087828701,0.01487768932380537,0.13367770973268517,0.05273600859068699,-0.08248841122639339,-0.08023081323343982,-0.04917815885539812,-0.03106882205668049,-0.1472983581254405,0.12445891234973427,-0.09476709249298304
LM 6_X,-0.0792381997157488,-0.04093185499624312,0.08565834131696737,-0.09843929903900517,0.10137866609778912,0.04146156461071958,-0.07226356146442346,-0.010064986487599153,0.02353761948680636,-0.08028819475277481,0.05195922637019978,-0.02322677112456474,-0.027200224558292078,-0.055996020977812144,0.031488158560964576,0.04060561476485789,-0.013312663102622293,-0.030880793180828345,-0.04748378185633084,-0.015992062369355936,-0.12755958053512453,0.015488645859713945,-0.0922615190082329,-0.08134218219118164,0.06279701137337207,0.03211751054384766,0.08757576413764404,0.12337571450295587,0.02845998350210482,-0.014562946674402485,0.09974035951372032,0.10649180717352882,-0.1861262944515336,0.002075473840220497,0.3626710635835826
LM 6_Y,-0.043267525858497365,-0.0043411223546717635,0.031308865002100075,-0.0008038665539334259,0.06545224469012625,-0.08784388602169788,-0.15096539977802395,-0.026589661415838343,-0.0008027617862120096,0.03344532117975081,0.1331470228805593,-0.009298449093916179,-0.026288408849116998,0.04162339908076336,0.1033074751615735,-0.14034921838225897,0.03604490902820427,0.030770639737864595,-0.03659742084312107,-0.07519029322159136,0.0566002220366869,-0.049615723206715895,-0.08867932749967188,-0.026572683330688917,0.0954137622715174,-0.10252903009067077,0.010483657329941077,-0.0010935918588804753,0.055286422869612564,0.06328710420009798,0.07373418681865099,-0.06552136504658167,-0.0470674715243955,-0.0507296152553446,-0.05683969135147798
LM 6_Z,-0.0014682561413920652,0.019014980413642045,-0.03832237895948098,0.06278707500601101,-0.009417684827302797,0.06103130446165577,-0.06389595863491485,0.05013169704274696,0.0015396517304988619,-0.024626875087970734,0.018832615584003915,0.04788088702080933,0.0033281710153603584,-0.04654505734671235,0.04347375566082585,-0.12264869864868072,0.1485752930896149,-0.1151515519447625,-0.02767519484174492,-0.14824612970877957,-0.048950305515539694,0.07365612823236967,0.04876107256460927,-0.01292513842586334,-0.1505422934486016,-0.10551810182152158,0.05183689895656939,0.04911840370806123,-0.020732571016835344,-0.08271286087467389,0.1794171878542937,0.11412216728435327,-0.19988276262944515,0.0837161640525285,-0.09156914123335588
LM 7_X,0.03331505429541641,0.06126275953696963,-0.08639157589335457,0.04977203708520553,0.01519075082173937,-0.05314013226821414,-0.04685492366264209,-0.011774378065758909,-0.11788095074498234,-0.036976294585701466,0.0446315009880205,0.03610203605336573,-0.01156335175727018,0.0913860898656439,-0.018488208391134745,0.11026324596913405,-0.011133458045250127,-0.01354150957605434,-0.18060282941426906,0.08800252273094258,0.03800428645023021,-0.09776353274185466,0.038863309628396854,-0.032365470562383335,0.011124890834713741,0.029976379846118822,-0.04870354320100619,0.27168897353738514,-0.14441501858548653,-0.11877767416281607,0.05665398159704012,0.038106931925954116,0.09738058363034355,-0.005532422294432837,0.18287997764314734
LM 7_Y,-0.025771436597453574,0.025813288465966682,0.06870647135610443,0.16979316496360458,-0.024721906836287954,0.11772406595108612,-0.09982309621487243,-0.018345252064611114,0.08203227177831739,0.13986166395691263,0.11899487064101938,-0.07488064728240632,-0.01203881698769811,0.2030446844303378,-0.03863183946845989,-0.008306307193383239,-0.1557838310349191,-0.21725005377498308,0.007047046706415217,-0.0497069273634171,-0.007647702705671813,-0.15907761066448528,-0.09141619274710536,0.24777804252545227,0.03284443590664241,-0.14301956618255246,-0.17624668823965178,0.19191582636930282,0.15829556257047295,-0.16137840293984343,-0.18013417817378516,0.19586519919068593,0.007638290682691977,0.06227556306592815,-0.001943875742445498
LM 7_Z,-0.011644021710329648,-0.04157930875592785,0.029678500667702,-0.023690955899997566,-0.047378503007964645,-0.035663683168790365,0.06172269883389179,0.11703621875070881,0.08276959450522213,0.104098512012416,-0.06585880529847526,-0.05103332633650928,0.033870896491583265,0.06962647806905758,0.05293233339123312,0.021593452141460162,-0.08908088082915426,-0.07609384848575772,0.1712240047925109,0.05605361345851531,0.008476650154644771,-0.04701600056967473,-0.05218711651332432,-0.09254583061278858,-0.02371465470851061,0.0871270442553224,0.04201398780247059,0.07915548144015953,0.13775582262039998,-0.08000601252314404,0.1885053224203787,-0.11833513892698976,0.07879628758733485,0.11085960849680916,0.020832946633450606
LM 8_X,-0.053992202607491574,-0.05875561084473739,0.09249541041496723,-0.09446162462017144,-0.0448190829191234,0.023030093625863415,0.015345423533142392,0.028561549411406473,0.12539668543639254,0.03844342937861217,-0.130804688230461,-0.07998910359493469,-0.03620261329305858,-0.08688241962802383,0.10591822099721457,-0.09664001653913921,0.06806332381450345,0.10696360116779904,0.07168551455355261,-0.1390045940832859,-0.02074771735369536,0.0885178718894918,-0.04110484030602027,-0.023413990325012957,-0.04764694528157039,-0.1483492549502987,-0.08582666666757115,-0.014627130623518912,0.111543553502558,0.17813867921655752,-0.19931898338926746,-0.03631967002338852,0.1445163693325406,-0.0014763221692420034,0.03429705072667223
LM 8_Y,-0.04406597281103329,0.04959395044308002,0.01116170665929108,0.17451087911332858,-0.13659392491454558,0.17617995888063948,0.09707752612287913,-0.33629147010985994,0.2764358933357473,0.06640445334947105,0.30063940913237136,0.05813816316078837,0.00102000922274088,-0.019026768846332098,0.20855889125667046,-0.14741253944828955,-0.18136596554632547,0.18452921547909826,-0.14759310325020672,0.003212705034155541,-0.14228026568012872,0.04370827745463023,0.20300236929725748,0.01496425456251963,-0.02456190368284123,-0.007450032704783985,0.16384765411853688,-0.1406527316540831,-0.03921126047674163,-0.020322890209657215,0.21638231960969279,0.06235272740735156,0.12800667658582132,0.05344092521927309,0.10642138251926722
LM 8_Z,-0.04070625281165408,-0.062162546428404755,0.024789678670953847,-0.04991049368546397,-0.06938671352984696,0.06321905849130192,0.11586829274179011,0.09753935704589094,0.18440598692200047,0.19894358830584927,0.01758369389663933,0.08192394786418274,-0.011628812514890209,0.012982688099281992,0.20728604897690958,0.05564457249171223,-0.08016864487151167,0.018759604702998693,0.23935440421878168,-0.20278475507730487,-0.11056244753273937,0.013098782897231551,-0.19606240886704582,-0.01829120376641277,0.004491771251397644,0.2582737258385406,-0.08474114960238849,0.007979113399295064,0.12641341793386152,-0.008044433286868546,0.002686556817004312,0.021694142347260113,-0.006647531405505022,-0.09285998383605074,-0.03863675183438275
LM 9_X,0.02252779821471189,-0.0015891969113763804,-0.12971497776116736,0.1573094238278914,-0.014650180335169757,-0.010409008354466611,0.10218653585633147,0.11814167652898565,-0.034649952674215424,0.08413477600774837,-0.01457896000187999,0.030340634814979995,0.15531870948736434,-0.11854659152005739,0.012106101663466887,-0.1362662460455643,-0.037078642631139955,-0.14475664636401878,-0.132649464786082,0.15211456052080272,-0.11701148958221277,0.06954805708535677,-0.07957427384458576,-0.006642497004834644,0.14599725091709234,-0.008593499892595865,0.05001844876880057,0.12523691097304535,0.07101585247708586,0.20587805282110488,0.15766559069423777,0.05703994576240861,-0.13635838312455703,-0.08680226336182978,0.10573869059447875
LM 9_Y,0.16595501696672463,-0.12300520034822414,0.050164615603620594,0.1723174902356556,0.027027961218600467,0.18188616526208043,-0.43804778867885574,-0.02050802870276883,-0.07124782838207261,0.2250029730757566,-0.2537053417670735,0.02160612414407472,0.18007327944309054,-0.262735686086368,-0.019045468597363228,0.024866650644751867,-0.21389811077125878,-0.07842327262259932,0.18048931920103067,-0.11040982164854285,-0.00776998741246071,0.04719695022205776,0.016220633288900135,0.028502244389036813,-0.09425917643841195,-0.059666348343289065,0.034495148912467646,-0.12659795250237627,-0.13359745118000318,0.13543122992495482,0.025432258478652863,0.04126932089967034,-0.03759864617718731,-0.03354316470042576,0.1329923615815725
LM 9_Z,0.10787688911599833,0.09371349650820171,0.4939944416781217,0.12254434595750598,-0.012089067723056967,-0.16305025131657966,0.24668818674319665,0.12964036612108185,-0.08946043871401058,0.14752524057025507,0.13393252895513733,0.3435859793081402,-0.01862448454523897,-0.11220456299505746,-0.09616149340852449,-0.11410739284319371,0.12624119453230317,-0.010819675343580486,0.10588855088966963,0.17762252582642513,-0.09078746950731957,0.0689313867836961,-0.042177591373672156,-0.02523915110301183,-0.15502895549271697,-0.05801139666500546,-0.07887199600550762,-0.08302677780623904,-0.05486177744249477,-0.03700758259093359,0.03993487102521767,0.1423292479794842,-0.04950654123581092,0.014615659138532779,-0.008511093765352898
LM 10_X,-0.01364648538835953,0.013636623962267424,0.10507192022595348,-0.1849161554924408,0.006489694127141775,0.060728952670673214,-0.04356690353282767,-0.15833685725702795,0.04284950045561419,-0.10792868908339595,-0.07192334011399648,0.009823668406688864,-0.09761689612866263,0.05225080427713421,-0.12109819553312533,0.09610877162360819,-0.004985152465010514,0.09567216560993942,0.05555663034419285,-0.03522064152252084,0.1579054765315225,0.021987079195229936,0.1700874076278631,0.05592549553173885,-0.05011732224768139,0.011313914887382225,-0.06194004888386301,-0.0870279411667644,0.010697361911744531,-0.2099910756628085,0.06775904489943485,-0.08015506330751114,-0.01769829414444121,-0.1342753507269271,0.039642362985169224
LM 10_Y,0.14031443960677703,-0.13343240087757963,-0.05263124239722857,-0.04218549824873266,-0.04342408590508935,0.20559575809284636,-0.10963434736515018,0.08416604971950453,-0.14288326010671845,0.04794823628931959,-0.21099516366081691,0.43854144509325776,-0.07536303514893986,0.10290363764288285,0.021653469438863048,-0.18298087796965107,0.022975606321342372,-0.1433022545990315,-0.15457542539248806,0.22070128311867412,0.01928363387467731,0.11353306214475942,0.02473023975834147,-0.09735568729265737,-0.10410805729758171,0.06075125492407808,0.04720034379094187,0.09587308329154483,0.023287201554501393,0.008711259161030082,-0.10825216417893227,-0.059351007632611266,0.14613906254781278,0.007757666926346126,-0.06677150398465428
LM 10_Z,0.168634092976519,0.08383988868072709,0.4261131301007401,0.3394897263874632,-0.027314923760286006,-0.23409573781936688,-0.09964246774440202,0.07407549743903892,0.048384747592939835,-0.17468973925918457,-0.30461792421298395,-0.3088138194544855,-0.15066199134970445,0.09197800193469295,-0.07573734584418348,-0.04931749139292765,-0.08700423818343479,0.03436637924648752,-0.14614348749973544,-0.06093535175162619,0.0435935187769453,0.08952554798605102,-0.029615246117018424,-0.020540239768947845,0.11131886165434321,0.013893719389913609,0.11002652519288614,-0.03768903705276418,0.10361656260209623,0.01282917028028068,0.04082478886676874,-0.11396759307876314,0.03770896225741265,0.11079535124676688,-0.13136362095212067
LM 11_X,0.03346189347644461,-0.019376320641666007,-0.020975179296819278,0.04733905884309837,0.04186666589513625,0.018860788286947365,-0.0610498113974592,0.05928920064905043,0.07534470916375448,0.005741925105762085,0.06769999377615044,0.022060485620625524,-0.02972687530266193,-0.05767469077910803,-0.05730000586356352,-0.05885434835465601,0.059067502011572036,0.14684407971812372,0.05409905938161711,-0.013301051045814546,-0.030352380492339945,-0.12157360025761284,0.0783284638519896,0.05610887034884956,-0.15550979247631275,0.026805814595669494,0.06628646021179811,-0.14898192623056422,-0.08187792499282545,0.06738390316019041,-0.06100278922685643,-0.24460735076986526,-0.06999470390767568,0.22907322595565693,0.08830242770583818
LM 11_Y,0.10059348669655835,-0.016952324801038313,-0.17312221041962012,-0.13856682521551936,-0.017762689832259426,0.003088486386721465,-0.024238879235483256,-0.0026476986064233364,0.09634272868690823,0.033926104779766576,-0.10421958047446502,-0.17900366375619575,0.018771649616541684,-0.01334531701011289,-0.19277566221959141,-0.017400274560007988,0.13464502313128235,0.150642607811567,-0.016568729556153322,0.026786706211718744,-0.130133448479236,0.17250076726079472,-0.2243888658579498,-0.005455390349137657,-0.17515775366446287,-0.12583080333644178,-0.02278526482529421,0.039473182724694314,0.13410900210679716,-0.07955560742757892,0.17010496541304,0.014112881618900636,-0.07634515158851418,-0.024797411379430742,0.009226061764315022
LM 11_Z,-0.04922630941248829,-0.012654160003755202,-0.0054666320918135645,-0.1227593559483569,-0.14535993826481328,0.056347772345593884,0.10691077788504047,-0.004747322016962916,-0.3006206015520348,0.055968891097865056,-0.14831416445212522,-0.06531704414286335,0.02394896159398959,-0.013500193217498955,0.0674660576583026,-0.021281973149574487,-0.01677449265746023,0.04531750739897659,0.017088282055119447,-0.00995299657404392,-0.039122903610016975,0.026357247069563425,0.021864517727897957,0.11259377609807172,0.024067180452309683,-0.005357528418340383,0.14131975589149837,-0.08363962092120482,-0.040289616131118235,0.07607632371403528,-0.020623193734049854,0.05373523906983579,0.049968511529217774,-0.12473627608978685,0.03823138462775777
LM 12_X,-0.04463321728918079,-0.024615364015373894,0.028925598759742866,-0.006121052933148912,-0.039102382204168395,-0.008734183065336208,0.002255544680897876,-0.018640928663041335,-0.03524713609883533,0.03468468897622995,0.01618898064169825,-0.08130507490507514,-0.0038990123266802075,0.17845475397797575,0.052280727261853885,-0.07478080817133495,-0.010985646543242028,-0.10605734688538125,-0.0676277048507718,-0.034502192121242115,-0.09655732627957342,0.0227360116014044,-0.030047540422156765,-0.016049922813937505,-0.03199873527688257,-0.03462715807017933,-0.0739906165303389,0.027685107533588355,0.02253358211087696,-0.03600348329711393,-0.06551759152928298,0.05508493270227778,0.0184737229140478,-0.047241408364886515,-0.01422292938153412
LM 12_Y,0.12185324698792488,-0.01824561687201834,-0.12674269631652232,-0.10336536375089701,-0.013457987944572987,0.006543841713668165,-0.05185733627027444,-0.015512556828854072,0.12795619742659864,0.046097881036317456,-0.03886453189879218,-0.05133910780039953,0.046857079073821035,0.055354040685776984,-0.0999025903854625,-0.041366035986921665,0.07797820750900458,0.1612688044172781,0.003355230792595509,0.09639812743770625,-0.04230691690466129,-0.024860379768359524,-0.12374388446896098,0.07168710396410688,-0.0882273152052108,-0.10829501380384927,-0.047621333875939906,0.08662183986131843,0.04240349408754307,0.04548304806013966,0.0723389087737918,0.07708884165394515,-0.016226766060188736,0.015377898673127315,0.0035527184175257625
LM 12_Z,-0.029531001201544005,-0.006481461540851457,-0.012034151555209772,-0.15931367011264225,-0.1668251106581103,0.06654016987456901,0.09539762400043776,-0.05274997108515777,-0.2297937895371517,0.010275913044698584,-0.12897130427839104,-0.01898328580119587,-0.02972152405451536,0.05887516642959738,0.17590295868730946,-0.07490326279844509,0.06925134935952233,0.1082617799425416,-0.07604403892237054,-0.02043144835625634,-0.060943032645316704,0.06570198924743503,-0.06133961757266562,0.0709832764904385,0.005350793957309223,-0.06558124285991851,-0.09540526473074326,-0.18103053590989313,-0.11551656303387925,0.006687319939885864,-0.05555666122408498,0.014744780946319359,-0.1191474636077305,0.12673134333923927,-0.01281101560525871
LM 13_X,0.09884475748482739,0.010635143058096742,-0.051206252966341216,0.08815484323072599,-0.04388861578181369,-0.0751943199016868,0.06838987931931141,0.01686665633382471,-0.007646486168129608,0.06427365449663566,0.0412663360935811,-0.011809080639694524,-0.0012308025914493507,0.06502156497479598,0.004417914332506456,-0.018651032779030432,-0.004531896425090714,-0.0008322108999789826,0.020736760070246982,-0.05521418668917817,0.08433474599662856,-0.04103345541994304,0.008325063537849455,-0.003068312837847276,-0.055448431485623596,-0.025905254368183785,-0.001101308723532048,0.08641051119227917,-0.04533771066553461,0.10104632229873167,-0.07889987208216172,-0.006651533912654087,-0.03592783509965797,-0.027609645220623667,0.01424828726282028
LM 13_Y,-0.0734639932488788,0.0002818154287219494,0.01778866121046045,-0.031797588520220736,0.02623352855892978,-0.08855990998230946,-0.04714522536600513,0.07231793441406512,-0.051288356887028784,0.005328090546504237,0.05122599600065133,0.024342798725527137,0.008622395291948314,-0.04583141008604444,-0.011322232370738157,-0.017672281327701007,-0.1533609075604843,0.08846937348081356,-0.017220130359248957,0.032471781040179774,0.044051036971253316,0.10838030150324467,0.02836725477368206,-0.0964186022820569,-0.014869486252685764,0.054039081050775845,0.07074563305408027,0.06509760666137017,0.025815506441806288,-5.0908031232471675e-05,-0.04139570910808289,0.10165582475924385,-0.0874328021849971,0.01469592079636963,0.02412494412945777
LM 13_Z,-0.0017410094080760829,0.03503217919463301,-0.10010823777609008,0.07162773838002132,-0.043325625910636545,0.011462692481679046,-0.01803708015804967,-0.030685474406901413,0.06246647448894297,0.014784963402427291,-0.023805316696947652,0.0507449405430187,-0.011070275736768996,-0.07398945348114169,-0.01453198548631952,-0.11502869618328178,0.09349689304188784,-0.018997317526982676,-0.045989774766121705,-0.042412654931800124,0.10982203008573584,-0.03897783955625537,0.03718882354262571,-0.12457209567003798,0.08522750855502177,-0.08014009231009739,-0.10528164261541528,-0.03596247426185964,0.16086199496088271,-0.0871542864356392,0.02113434042223386,-0.15879054813711588,0.1000796920285625,0.01755251182791926,-0.027373443209615073
LM 14_X,-0.08892274659281953,-0.007344444030695909,0.049721290905784865,-0.0996859497353256,0.056651096818023404,0.06265585876529432,-0.04643516420035128,-0.032595897966798196,-0.010078248551323908,-0.07440883078029474,0.027902901843528113,0.04743008379324137,-0.0019738919305547302,-0.05511275606100617,0.010702474452829153,0.02042648138711919,0.0003399778284870632,-0.050782319866081796,0.01854660589507669,0.03434040927311197,-0.09373886758481505,-0.012252511932855707,-0.08600615055428375,-0.03655657673106451,0.015003858861029116,0.005944068182011586,0.07572392621345858,-0.032382777146286325,0.08232574419334669,-0.039565813194614045,0.047054365372339126,-0.1114470962137802,-0.11839266356066638,-0.06329300324090191,-0.1246516359238386
LM 14_Y,-0.06497488341629741,-0.0022952354407925657,0.016985556250253647,-0.0008191400069714937,0.1075698921801508,-0.13534029699517058,-0.12574715412660092,0.011346123353551764,-0.07673256934789055,0.034340951552767666,0.04143799381316042,0.022588702716921583,-0.046781786337286635,0.08538142605402456,0.101369297710447,0.008186015908458594,-0.05461673724909228,0.04243658263050088,0.0564223917017773,-0.0473958811335812,-0.02647493407785734,-0.01193764529153897,-0.11900378204933494,-0.04293712419572526,-0.006966670920057157,-0.07318256338040949,0.02879691655696859,-0.059527096825239614,-0.09034720655553433,0.03740331508318116,0.06889941137409278,0.0654549594132112,-0.03549470810152745,-0.040660513387493026,-0.0593949566707801
LM 14_Z,-0.017243120699811234,0.05187357531245065,-0.09536186244411932,0.05192571379842005,-0.058874704608845904,0.035043285438909264,-0.008014554292523953,0.010600247604510423,0.05267307843552395,0.0256558223658779,0.021846436338056528,0.04067663186122391,-0.06684942445943416,-0.09777802908894337,-0.06613863001019103,-0.13844053734472422,0.055790071647979146,-0.025321626338323286,-0.12795312795380046,-0.050984809541291934,0.12206087447808857,-0.020581221315784205,-0.01838845165820236,-0.019075948321429777,0.03574124032742696,-0.03208737238256492,-0.061428970698038696,0.026152921365749707,0.026206257923088595,-0.03601138687276092,-0.0732352263132005,-0.15625150180936678,0.02717686159842673,0.005282840739221816,-0.03203822178846957
LM 15_X,0.0928104109072706,0.017749307292209963,-0.0427699590261717,0.07922490601583967,-0.04850361542787051,-0.03759093305528897,0.06934724198119893,0.049088834124682734,-0.003216455872294108,0.05834437915400324,0.03532505084140413,-0.005941168330176847,-0.01734755824107152,0.05837857183265415,0.0014214986165663828,-0.019009278798698456,0.021038661542378347,0.010975904797994528,0.046180994953698686,-0.03349130481884992,0.04863396332946313,0.03998120124228393,-0.030764811914999635,-0.020558933133981907,-0.027401993943558727,0.04532743153708168,0.023655859342828177,0.12232877700302451,-0.1082326809982783,0.055031847973648,-0.018754547235173703,-0.021835076637665287,-0.02286288763159999,0.04017585724281777,0.07921992652292056
LM 15_Y,-0.059023701313098774,-0.025644841108724423,0.036452780145557175,-0.00996159411367782,0.03593300670233315,-0.1009054725765023,-0.07464478338713909,0.06430415593619755,-0.05448790344702715,0.03560049856821307,0.014677189524445272,-0.01715091726421375,0.004876305157796306,-0.055098204495048445,0.06755953906180356,0.021015356114170654,-0.07572651780570769,0.08882562357504767,-0.1119046356403128,0.11492219962935346,0.04002084894015432,0.12437240377861986,0.01060051026620418,-0.08844885125669814,0.034091377473463934,0.16812331911295136,-0.09054402649615444,0.040970101782415266,0.03401097898285193,-0.176215282560765,-0.24622667409441157,-0.04568370735932639,-0.09095949925113285,0.19359709408791267,0.07612438902594332
LM 15_Z,0.0004444334286578319,0.0421182716615914,-0.08707228228721413,0.04157150543289102,-0.04878851805939689,0.01338280301148697,-0.0009160392908264407,-0.016625989024733782,0.06919459361147581,-0.02884173473721108,-0.04976593327036925,0.02955362761129853,-0.02891169101367015,-0.1168668122582529,-0.09016974805287788,-0.05316673111229289,0.1233444098912268,0.002073509320194053,0.0303352962864627,-0.04906390102567365,0.07604886427658698,-0.017818575192254677,0.03256880478279731,-0.03198289828211712,-0.11046295988338443,-0.07350009879876553,0.09820507223699257,-0.06781580973066915,0.1330792753535216,-0.18430360995601222,0.10422065042425571,-0.06392058249573725,0.06935178923018932,-0.10288614857010354,0.008761230985815133
LM 16_X,-0.09535949025120947,-0.01875685081072523,0.055515702289853676,-0.08760353105398337,0.05675762731470723,0.04661783884582445,-0.0648336618465589,-0.045306910515150726,-0.0046880703483480795,-0.10016780548875184,0.0118057921464542,0.05540616073657362,0.021431388667410494,-0.024765485593073136,0.031255079492286154,0.04113201751563535,-0.028349121400442066,-0.02535289104844533,-0.03382622784508019,0.05161491342392216,-0.10298847601731873,-0.06358670803842854,-0.1436301580166393,0.0040818470656057895,0.029989400740657025,-0.049279060514638,0.03890543582793382,-0.08407470178483727,0.06989081047311861,-0.10839256826130352,-0.06226736385459879,-0.0762832706894766,0.01582130502484238,-0.10211086783645873,0.11803858008439766
LM 16_Y,-0.0641931551157835,-0.01968942561951881,0.021353218195153765,0.019540598319855135,0.05920993194237406,-0.10598846260566377,-0.1526393273501423,0.0029660464808147044,-0.11510212242856434,0.06414912840279141,-0.039876152649481064,-0.009805744891892747,-0.05729061633227952,0.09187478476186656,0.07894854555389504,-0.052174539241246674,-0.058788724290690424,0.047415400690382345,-0.0385844566743737,-0.09075163909284331,0.09435404271083415,0.06333182950398973,0.05998224005079315,-0.05166838193575231,-0.07492256738882447,-0.05603878447250187,-0.16617457719231696,-0.025509637213676595,-0.06378530099783954,-0.07198947627101408,0.16485922479055157,0.002669185144386775,0.0523679810265721,0.0510931260888539,0.03879426756094263
LM 16_Z,-0.020669341699316803,0.04029168279958917,-0.06504874455125799,0.02042581762302618,-0.03003144076697127,0.028224255553195042,-0.009995976883536373,-0.015872581815838817,0.0712495460194547,-0.03592584940762562,0.05043606245180716,0.05338609569182767,-0.0038220510295137048,-0.07277118044621417,-0.06314582278718021,-0.06138895573505335,0.08102629062822125,-0.03208145818715736,-0.029689108641398735,-0.00027709036744061826,0.10089646323429861,0.06392575628629682,-0.03792224159459498,0.10127877126964754,0.0002804191680020991,0.0880993469145985,0.14304930412769007,-0.009566188021005237,-0.043421761144550604,-0.0881610163561959,-0.10645107183934217,0.010324356924219081,-0.049835616185872324,-0.2158928518355285,-0.025082960593454513
LM 17_X,0.08248519503392683,0.016692900081761195,-0.03273473694099859,0.006565282788754804,-0.12353344774454868,-0.11145930868241802,0.06998494689826516,0.1505640955031883,-0.06939213060491373,0.07201703201463991,0.17649964610768443,-0.0709340741120774,0.0721956493871353,-0.1339620547843051,-0.06776123758610815,0.03622302017871009,0.0490366323448526,0.04805238275511385,-0.06770138691976545,-0.15989369692608002,-0.05821581838115199,0.0165969043064171,-0.0004412460705620694,-0.08345561818799449,-0.12194466867601614,0.05083596320726969,0.06322449325010633,0.09283476204988197,-0.12497112160773473,-0.04562987287518195,-0.03072926557547378,0.07478849737010626,-0.04167041635543977,-0.01777043217098016,-0.024059899410300685
LM 17_Y,-0.10272786163238047,-0.049066512217766436,0.02974146492555989,-0.03836520671256165,-0.02089961451860626,-0.06638818010795303,0.025040616618419657,0.18976006194112505,-0.07591072826352321,0.06140255976254061,0.02610798355798167,-0.07776029606597125,0.01746268322016157,-0.10217458578871519,0.024456821981992862,0.03893692421854526,-0.010053208241419042,0.1360347501867597,-0.13072778729721465,0.03998476565961891,-0.016886570730031625,0.01696661872656794,0.13214330891612136,0.00575229716660437,-0.0683142916374072,0.22877447360752443,0.13907082052277436,0.03440464229398955,0.08315423576230081,-0.1864282860438197,-0.07564954354438665,-0.053177781365742104,-0.016030457574029086,-0.06349549749486783,0.05995704093593341
LM 17_Z,0.03946274357240247,-0.04131421121099349,-0.07326667236619941,0.030821571508219476,0.11464600704565027,0.10886914781907804,0.009375548817829177,-0.00164653040149401,0.03850790749971725,-0.09759821766090052,-0.05890177930154615,-0.06334710683831193,-0.15169428989813652,0.20568068021652292,0.07475103676138467,-0.06316105015773545,-0.08051195703391915,0.19215794592287402,0.1211846558407174,0.11053078183029193,-0.042563965961774856,0.10824462715603303,-0.1585495645916101,-0.21172282814038862,0.02965625263928939,0.16225611606453844,0.002915942285914645,-0.0173840432115743,-0.020922811529776146,-0.04136974315302922,-0.09672069981856209,-0.009502743022448757,0.0574050124885841,-0.06426017364184228,0.06880988952695405
LM 18_X,-0.06295757332192184,0.008394974039140864,0.055667813709283316,-0.015991682624513035,0.08212839097302048,0.09780237627493565,-0.040487398821788395,-0.13682153414905338,-0.0189810359789654,-0.089836638265442,-0.08760070611052022,0.17194630999140523,-0.06938601380101468,0.12289111453572765,0.018626880938653688,-0.023697217810756073,-0.061524416122970584,-0.06043468548417351,0.054587225347873754,0.056361417706849826,0.0052163055262556945,-0.0054765515497469655,-0.007380440477615501,0.035528029025012564,0.13435905902152734,-0.13602977410914496,0.044755618068935285,0.04848220430537944,0.06079183052190289,0.030908724851012547,0.06452670618081117,-0.16474804775583388,0.04065905458080363,-0.07428421758736253,0.09527208108084305
LM 18_Y,-0.11459159767496092,-0.0395553307494765,0.03820172755572659,-0.02472612301427296,0.026294427658120696,-0.11320364602230186,-0.06724406228702287,0.11431051360852917,-0.11171997829354875,0.04218548199273381,0.00048287767560674827,-0.14379927438463097,-0.03986992567966161,-0.003357100507143317,0.09876101452443667,0.0695953418732507,0.04543794097532195,0.07868220640891309,-0.012798454758342421,-0.046301183503835115,-0.06842294578511422,-0.09427390839625038,-0.018391443250118503,0.05871558830676494,-0.14262428206054392,0.05068117868970622,-0.021601885416827657,-0.051488185604219576,-0.15391234555510702,-0.11180599971446253,0.04477912119373125,-0.07930872456384717,0.10099995794349301,-0.21128992731960633,0.05734782418115574
LM 18_Z,0.04782314528495139,0.0012627122348477958,-0.02465653352890064,0.010906325956205944,0.08371382084906105,0.06524949491046499,0.034614372387410004,-0.0032096913200587362,-0.025478716687788693,-0.062347208166187856,0.02662282063381051,-0.057618720683445625,-0.18667628614661777,0.09560848711430693,-0.18126345142768308,0.04749894365183488,0.058965870890668695,0.15875754035164452,0.1763924602254867,0.13818148832326607,-0.15879950429988668,0.24011277055896982,0.1880651914056412,-0.09730480310767176,0.0019198686767158322,-0.054399330888818674,-0.12108471534025164,0.2957137539324545,-0.05463352214115359,0.17494650637659287,0.01502908424047189,0.06017251051831859,0.08269249140008729,-0.033123166422376366,0.03265339661955137
LM 19_X,-0.0017638756706327952,-0.008515743449546915,0.011232050926478563,0.03300360723650401,-0.0061055161164367076,0.010611229426412384,0.012723829025335254,-0.0019374815419014601,-0.007166639080071266,-0.010410588290441483,0.08978759720667948,0.0027699574234893738,-0.04965272653974449,-0.011973713598368909,0.05441149360714021,-0.05139661816111363,0.022421109628136957,-0.019419506190103103,0.027986586599837958,-0.046539317476680477,-0.0248013915691026,0.04177630969224406,-0.11608465606966291,-0.08367936696293421,0.005743757250671908,-0.012862876042159282,-0.0898210266875619,-0.02890275370129988,-0.10957710525087136,-0.020183870217896683,0.05555868707117143,-0.1261803962128493,0.026496074151839247,0.14237880609714756,0.06335186391641519
LM 19_Y,-0.23491374190650244,0.06900243327547292,-0.07128390927304434,0.1040823462524887,0.09869627655609774,0.013703088296271815,0.14575238005189073,0.13940676925134388,0.032082106642113396,0.06095066437990463,-0.12686341301018497,0.10069746955815408,-0.17234081729325054,0.02092607428822216,-0.12428006389187224,0.09029289738542273,0.04738425159496954,-0.01028635953921699,-0.031239712873916286,-0.06290151143782753,-0.17002237321622402,-0.14038592410716577,0.16513637936737846,0.08735850704051161,0.09430512210723237,0.006043182209450347,-0.0010268090109529036,-0.08036103726873146,0.001123079025227819,0.11604102255255601,0.03792673508544008,-0.04244170951540397,-0.021024319489042747,0.045322756566330204,0.034059014768171046
LM 19_Z,0.025489381735927456,0.028289783629492304,-0.11628888557403805,0.02476249852759414,0.018062659096933772,0.052934323176535715,0.15299035067429742,-0.001066111767564585,0.033709382602314875,0.06536473926403642,0.07521732726022783,-0.1033367319850447,-0.16173315643582478,-0.09106968081723672,-0.010904825768102599,0.17545889415268812,-0.12192363243291435,-0.20771850953349538,-0.09746762695411443,-0.09450018146276504,-0.2236722887911348,0.051551030819774454,-0.18274804777839984,-0.05335232765764119,-0.08139257502853507,-0.06941746710635145,0.16820104848112602,-0.06008509714041713,0.12106124971086114,0.05124261179535054,-0.13175113800100718,-0.1101522715262143,0.10577344937618538,-0.0881181363641479,0.01821460265949204
LM 20_X,0.04985704624330056,0.07174444041110165,-0.13598006348767525,0.12705009906560505,-0.041478423400496324,0.007562919395590048,0.09013421111425175,0.03843424797082068,-0.047083386392664954,0.07876281980512746,-0.03261790602912434,0.01449989468037085,-0.05201999953031962,0.12186051609206831,0.04771902946881271,0.10374907817882202,-0.04753713126051871,0.025800377816684025,0.1327785010662616,-0.024892110715046576,0.11333466339773551,0.043482319282946574,0.07632294541042252,0.04104172149588585,0.04395207251534347,-0.15882662903650793,0.038651926599872495,0.020585081578555087,-0.0034945460636769655,-0.06828740211929081,-0.04626538010424123,0.052521101432695755,-0.010847302961285325,-0.023340760876018433,0.018796971179325286
LM 20_Y,-0.005056463623770389,0.01872113210634736,0.0351663446252889,-0.04588158311290294,0.018791148582758224,-0.06969841782629996,-0.00152334765371255,-0.00047241999347441885,-0.049139789622094227,0.03711090956864039,0.14388527955890454,0.10119055804149461,-0.07586165515129704,0.042913116254473506,0.09452910294240978,0.08983898137590611,-0.01207282816135529,0.16145643108103952,0.028062932985019547,0.033263336792974635,0.11662007115048209,0.16747484152305572,0.055330113416761605,0.14551998947302636,-0.020993692607083045,-0.09691989717221794,0.05252346424973777,0.12990346589547405,0.04685032555763043,0.021296588371747072,-0.09017349700035131,-0.076708936031727,-0.03320215412920861,-0.1389323303140318,-0.001430896880151967
LM 20_Z,0.014886296609665233,0.06292109143616816,0.009470590591255901,0.04972942231118875,-0.0643987937595104,0.03729680673623935,-0.09001369644854723,-0.14342912761327398,-0.11897099928992659,-0.09979517711259804,-0.07053073723983413,0.024417556908415045,0.061139101863418865,-0.09634576058932365,-0.10135761939270581,0.1741541036892463,0.024601131091820532,0.01104916334836236,0.14376338013698073,-0.005755229836659532,-0.01241365426558814,-0.1866116953964552,-0.04137635130500084,0.037963603710448775,0.01393493586310432,0.010115211027470506,0.12975637577608495,0.1258315715114623,-0.10391257888935679,-0.0624674515572071,0.029152291157182826,0.010569539586234508,0.07969894583612681,0.05191311673737419,-0.00020441987736529165
LM 21_X,-0.06139423175145423,-0.07682931812429764,0.10135076638061956,-0.12473494958573315,0.024970094344168796,0.019608286632415765,-0.0879918278018797,-0.029368306328992348,0.03342218861426805,-0.10648814327727084,-0.02511764769292317,0.021338284407527094,0.086652579301066,-0.07094362723735127,-0.04846361899452662,-0.07928463620140924,0.10425616478376513,-0.04154022795536494,-0.08643992356295434,-0.030741018431439743,-0.06618019740229629,-0.08051337951831293,-0.0663607187333863,-0.05231799390051704,0.06267272913674854,0.11929762503262302,-0.1402483020218857,0.010474489071813496,-0.0074661632608743886,0.07362591965355379,0.03698372324909091,0.0201758719546562,0.006658043772454296,0.09307847351765632,-0.03678314405253248
LM 21_Y,-0.0058872582820241595,0.012207659230272904,0.04118749194609178,-0.02111714197770749,0.010633154711881814,-0.06986904655871314,-0.05475312265513214,-0.035384658818656704,-0.12938653717619364,0.027671749435056375,0.1460525009908024,0.032335739911546195,-0.1827589365494658,0.09771439110414148,0.20154198454282032,0.058535585475307086,-0.016587973793061324,0.08656382674328748,0.028409025723455782,-0.0033250553312795593,0.019074774984472513,0.022438619511486357,-0.07383190672277806,-0.06485674883490986,0.008553110782400113,-0.2185425859665339,0.16098369534389004,0.08662645950118278,-0.04239533911353642,0.14745004126174852,-0.0352750034076683,-0.05263759668826766,0.007270906563934525,0.04606109792065516,-0.07851399942433053
LM 21_Z,-0.003434929524310668,0.04774951070487822,0.004979581594082253,0.05583158413283324,-0.028084017306394357,0.02379497904548718,-0.09710657226862499,-0.17185831236991617,-0.0594894111795792,-0.14452036038219584,0.03968552686780853,0.14508353975915972,-0.04513127555592902,0.01688328565414208,-0.049325267075344896,0.17342161239417866,0.08685429695989218,-0.0021000541012672434,0.08297986385037708,-0.024004657191675754,0.029732456891174687,-0.1041843345733776,-0.026809116142960856,0.11464876581549742,-0.14989670668412644,0.04362097887070992,0.012616100627910359,0.06828157174264321,0.04441295665240563,0.023750243745894902,-0.006300540528264111,0.007560600984902207,0.014718827808830416,0.09648445500919718,-0.06131647748951798
LM 22_X,-0.0028914088847255505,0.008843893882110125,-0.022191513664870814,-0.005419572925009866,-0.02433536296315004,-0.04465055626932543,0.00781028254872882,0.10763819331721398,-0.032453304819179345,0.10229136319916371,-0.05583016332897202,-0.005821735763080299,-0.05388513727756995,-0.34837434680317453,0.1845739674433741,0.07665547291485339,0.14997510347513468,-0.08344517765427253,-0.05605945078879151,0.08464589506654256,0.14328981753639344,-0.0005634435317896846,-0.09213940406465924,0.034281205339754865,0.09386310501143995,0.061379430332371726,0.06280339053722217,0.15194789975801082,-0.05411257989424486,-0.16310172447512,0.13715841103440843,0.0024293432745564666,0.1332375613916212,0.06543859348367984,0.022767869764303568
LM 22_Y,0.25756865075795177,-0.21518798401453082,0.1817621799748161,0.010505919174185979,0.05103614499987257,0.3060426762971209,0.2062762541667597,0.05909951102720166,0.0052257573419680365,0.04593673381169269,-0.03544710272970442,-0.07154911922532099,-0.02861492013434544,0.010143561297641806,-0.015340206895821799,0.08422410655599838,0.1682153703939331,0.0989644525899263,-0.05989550466378792,-0.0250924173609439,0.08426044652355762,-0.2880178386222632,-0.016109465903075448,-0.058945791086768305,0.1787125728709994,-0.05948577926929661,-0.02806035074382595,-0.06085298466199065,-0.01949758975155363,0.06129938241926288,0.028477145919564437,0.04948230532721112,-0.15790353899484497,-0.08384263835970286,-0.014837961058543339
LM 22_Z,-0.09435705767390248,0.0006286802082692394,-0.172936757764617,-0.016267337977710326,-0.25924236317690574,-0.07392733811092585,-0.3075457218455352,0.43223780148044527,0.10181619724090549,-0.3181326173558787,0.17800331717500098,0.08429956841373715,-0.08307977498350201,-0.021679532337139925,-0.03199371134451964,-0.035621800424244905,-0.05991503428994356,-0.025258777868384607,0.08826168763806874,0.03678341090109277,-0.015990525070889702,-0.16128845309708678,0.08641638438667183,-0.03174462282300012,-0.03780735549300835,-0.0753959386828311,-0.008061097957053618,-0.11584416290919022,-0.008515488810661866,0.14102464713026447,-0.044627903453781086,0.09913194420508802,0.03540781212382733,-0.07425937594315851,-0.06647183199130133
LM 23_X,0.03330684986456285,0.021019750331672617,-0.03876344439539928,0.04361819938576797,-0.020078955039797536,-0.0014198699745047773,0.021369940180486945,-0.02166729007602964,-0.026484214761145052,0.02940449068667794,-0.061038753723728294,-0.0006553479772007988,0.0809755743790235,0.06287172121158943,0.07201252199966171,0.17277326843334365,-0.10312414588172246,-0.04173152057550685,-0.0033323401237146276,-0.04557579202836015,0.15429952454740242,-0.0290575906123624,0.11384464006401959,-0.05729691473477437,-0.1868424067199431,0.0026903471066915285,0.029742501917162496,-0.022619068930718078,0.056218829981410215,0.02325117431601114,0.038862989040345186,-0.050808208637212415,-0.057430651902062604,0.0038361248962830437,0.013923426223035993
LM 23_Y,-0.07353143689295658,0.04405585966032079,0.02334704456832375,0.007953317993059986,0.007286171064663173,0.04616909542211593,0.0037842129836177644,-0.04182250123593182,-0.01540003444958812,0.016093596489468,0.047147892198374,0.03617945317850129,0.06986199599302959,-0.006743332848470063,-0.07903065390350095,-0.08157264964929013,-0.02331775050226792,-0.07005039497307816,-0.05169714394058651,-0.09317010870316732,0.055199465252013774,0.022752595412376498,-0.07166506397111008,-0.04447702842675857,0.008944041774729522,0.06696839978193046,-0.1447186342896643,-0.011183492360587383,-0.022900631375955247,0.0682846085092777,0.11144149336482474,0.0005466365248710874,-0.04941167040234986,0.08239514025946057,-0.052643480933311566
LM 23_Z,0.018439037204953705,0.008892722665261178,0.011169292195057513,0.033866885661241235,-0.04334879442526995,-0.031651583631479664,-0.019826616801031868,-0.0036039703855066073,-0.00606673105394092,-0.06635056779133852,-0.0377470461951458,0.06151177215309317,0.028219720178663796,0.011365903036047295,-0.05730040480779384,-0.04509030370651705,-0.050574456411990557,0.13534029030275482,0.16478925204686848,0.055211930656350126,-0.13632507097833593,0.00951616633699368,0.012087347446310468,0.08005757409848618,0.13998264723623824,-0.05935675378967813,0.03616953540048876,-0.043360263177213025,-0.08397269857455142,-0.09839780637940519,0.1184039711466445,-0.06169828650407244,-0.08251789662098313,-0.031623992072724455,0.04765019872767528
LM 24_X,-0.019289686037858484,-0.005443744541418225,0.04713631024646348,-0.0570887342516222,0.06156214834686787,-0.033250838095938894,0.010829897342252705,-0.054253636731424144,-0.008139770538418587,-0.0824727801793797,0.04639125042152837,0.013488939441341953,-0.033733320095342044,0.030231363410784848,-0.10242511868106459,-0.10804773394757759,-0.06443601832751036,-0.01386309221697469,-0.015231741723220301,0.06580277704437831,-0.1548750062262226,-0.04736570705819561,-0.09996210719839753,0.014649917846049756,0.12996756172628257,0.1178147611382935,0.01945547273327644,0.037105428475587295,0.015894338160119093,0.010210008374068309,0.05957851723918635,-0.00037377896886599764,0.25242336082345795,0.08700204503100245,0.06759453756672307
LM 24_Y,-0.09212607393158398,0.03754594357156142,0.01558248580237331,0.03313061529389046,0.04075600142275867,0.0037093405947442475,-0.014056948619079771,-0.03098827764282855,-0.02033416529244677,-0.001419963810626456,0.049363934480373683,0.000901557300212975,0.018223573925309027,0.013563675220139411,-0.018357175863669098,-0.053535868769388345,0.0029631851688318714,-0.04589570715026575,0.021994373174430617,-0.08573795703801795,0.03420632273736549,-0.020471303498656702,-0.15225578969494202,-0.048596766550491714,0.052018690431463704,-0.08284622266147068,-0.11840533988463603,-0.016093553308742813,-0.11688386390766033,-0.024679611439256833,-0.035148224066273784,-0.05640826714748961,0.09495795729921276,0.03322609371118442,-0.00676938725178016
LM 24_Z,0.007328993972584597,0.02445263578788032,0.03312805961606008,0.007278109599662964,-0.004254973443662044,-0.0045611232206706955,-0.012746611396436907,-0.04279372351444479,-0.0068062291848310415,-0.02572029558487797,0.01506563684071919,0.06043990456360748,0.00020987842573841573,0.03079839953322036,-0.07125067821022252,-0.029097343295491667,-0.10047000169440046,0.10863231239719089,0.1725313503391379,0.02759685132463017,-0.05015446635307974,0.0024486597929369025,-0.12870413279303436,0.10149494134839454,0.08238200998621248,0.10236329195355029,0.07196632368303295,-0.019527594496665992,-0.15716671787324055,-0.08851518995857077,0.19986139115685086,0.0031826614864094937,-0.07660466241444226,-0.06660425862945517,0.006931964324066728
LM 25_X,0.06415419150974758,-0.01234569049716747,-0.03197332064381743,0.045728603374042144,-0.07727722430443773,-0.08159111267326259,0.10388145373254322,0.06429086971940869,-0.09081823366924119,0.01994883705136933,0.012874918358662963,0.009699717380493304,-0.008339210818952347,0.0306255723598904,-0.06827414347577111,-0.05699039188528848,-0.054371120260930966,0.06384706933706721,0.0819849670774118,0.023750708952708,0.08139527312874482,-0.10091409921119632,-0.06265369053174329,-0.05605512416959437,0.05281688040115349,-0.05326045588988584,-0.07541038348533852,-0.0855540538081034,-0.026168680135304125,-0.03517020410599293,0.05114447639695017,-0.05218077835708313,0.17210293258244067,-0.15175537570932185,0.19102585498934094
LM 25_Y,-0.18272062991360313,0.0343541815557484,-0.02683894072019169,0.020689834539706232,0.04612965948485905,-0.019570012294202924,0.057767531566719287,0.08879454095449886,-0.03042452284025056,0.04052684010615323,-0.06814344513631797,0.06975941456691395,-0.028625039925525307,-0.037752847638963714,-0.13388002786796588,0.035591012521600705,-0.07708976896188789,0.06944421831157988,-0.06010053152578689,0.02247129091059273,0.04107479162883276,-0.00306450311698477,0.09281701836303466,0.01107068991528775,0.06237776018802392,0.02287279219312224,-0.0014387920691188718,-0.10005257331816435,0.041180820862220885,-0.0014738895664007873,-0.013098176596334547,0.026879487328955672,-0.037991596905991035,-0.0946753623744162,0.12734687948767243
LM 25_Z,0.015628112607621758,0.03529401119690536,-0.11273946881550946,0.07531986227134335,-0.025387898118138758,0.005211764639859418,0.011080089759583257,-0.019151177953280245,0.034057331257030865,-0.018625209610070304,0.031946092577469214,-0.032560816527137416,-0.09106993593982356,-0.06285833839650222,0.04061514529764632,-0.08649318156779427,-0.03414150647839486,0.06222380958041372,-0.12123727878613393,-0.11930275343257597,-0.00908787128434896,0.07850534450098703,0.11488240872536451,-0.14532462382584682,0.1762690626362555,0.05669118835016891,0.010396187752713696,-0.038029692625378995,-0.004214787322227574,0.0676455061334548,-0.04199513127919154,0.060199534040738245,0.07581635810856062,0.041227940812794246,0.023315115585035556
LM 26_X,-0.05260164280672532,-0.030492149769316287,0.03556308275009641,-0.0502360814588481,0.09439957755930505,0.08542364970540092,-0.05578663225899669,0.03764756128612914,-0.005346556417881164,-0.09687666153741586,0.02647110563662593,0.052166666588153436,0.004919179157034782,0.12778959346293492,0.1028154897162425,0.018324430406630853,0.06685029664228427,-0.23852526308796912,-0.027174545918123384,-0.08497194371291018,-0.07896361092066671,0.06119365077710339,0.008133195138386276,-0.1419236946221951,-0.08201214284971917,-0.06260958128779534,0.07585052497441569,-0.09103225499551539,-0.014130084130200891,-0.051911454861777465,0.04635985809913632,0.03800406909813413,0.083593457558796,0.020646987985382205,0.019746442570744146
LM 26_Y,-0.18550230772699644,0.03236467308343743,-0.02667020730653185,0.04597138563229614,0.08015575092020445,-0.03345488441148705,-0.010638730501822147,0.045811806395643986,-0.03947062286297343,0.03856919541149076,-0.049992405680389304,0.02234974562824151,-0.05474307207621841,-0.0331806190084579,-0.07668267133516689,0.03652889259248446,-0.056620891061635724,0.05195985639591263,-0.0204802452547769,-0.04061380799198805,-0.0250414003190434,-0.06348364579807497,-0.017795543716087825,0.10631957158537156,0.054578421575393915,-0.0136896381418434,-0.04759161124488938,0.0026971090237580928,-0.05100263487695799,0.0011861264835943252,-0.09198499954063089,0.032497474965634425,-0.06926902337558176,0.02705921711312227,-0.03544817390967675
LM 26_Z,0.002878388107106945,0.034355605302897746,-0.11895327482631864,0.07015269486886483,-0.019850725629434383,-0.007024491971758251,0.01336641463926069,0.008137336684052717,0.0016206530262959128,0.027626136856085563,0.019473946939159412,-0.025786411605051872,-0.09357693928415771,-0.059403154159775574,-0.004244100181854676,-0.07498445974216822,0.044873639420965096,0.014092814654008032,-0.12459004182452521,-0.14791617927039988,0.06395092932312756,-0.007478063769123298,0.041558200529561155,-0.06385989425514552,0.120969983341736,-0.042656208419971836,-0.09359382290490842,-0.06441960898405538,-0.050304751883392756,0.07653928599080943,-0.03792224840703006,0.04943327301501494,-0.0172926028402372,0.0032702918638363586,-0.026325093009923285
LM 27_X,0.06638344720148276,0.036384564618710376,-0.06950732437909782,0.11852136360716425,0.06718104483936894,-0.027199048100589342,-0.026070143749649964,-0.059442468024522785,-0.15305380641794986,-0.03731309818703924,0.060338754127011444,-0.08020210582821681,0.11083420211822348,0.018383416478197568,-0.0933103860225771,-0.25243545305072346,-0.047116152666912596,0.041835166037040634,0.040477234539731774,0.04182053113936758,0.061409698366860346,-0.07859336352965389,0.010083986500709598,0.08808641209970347,-0.09966832491576605,0.1636804322165861,0.05614626073207389,0.046485696458251714,0.16028571634246572,0.0702635440942335,-0.061326834860628614,-0.02850280288965013,-0.03763905966042475,-0.08988803643727425,0.08555769266275774
LM 27_Y,0.17576501684845802,-0.015182376849473808,-0.09051889012502469,-0.09991304852110007,-0.12053531435870422,-0.11541013436379582,0.06321110080572512,-0.08903681487102755,0.04016372697908913,0.040758367545664045,-0.013175127722106258,-0.05976488297279651,-0.2055224060614866,-0.018207521378314488,-0.06932414087795752,-0.07498543023895825,-0.030863352478688773,-0.32299658592684233,0.043421169186737524,0.07491671333058875,-0.1533422652010753,0.0807891563414622,0.22585994945981264,0.06385611263840987,-0.08229763660698398,0.0033603055214001037,-0.1331380329660244,0.08626799910534402,-0.11578821619959359,-0.04891483711947247,0.09890516004277485,-0.15004830241991132,-0.015439022267828485,-0.10192940000711012,-0.08630893950784119
LM 27_Z,-0.00011740282156471593,0.10424236894101387,-0.012816770503599197,-0.0805106529869998,0.13294113242113667,0.014028387276315236,-0.023429639887123384,-0.08232274273987145,-0.2072068425534581,0.09917425839035157,0.12541537355915378,-0.1088474181427293,0.1215515378656464,-0.08198939584574588,-0.2232926631671803,0.07398550727020411,-0.12348910271642861,0.02065689204449994,-0.06040211088874951,-0.1097720290941272,-0.018033630420088924,-0.01594013666798725,0.13422102412514547,-0.20449324048039114,-0.021874629574304163,-0.10527841070190412,-0.037171126318116886,0.03259998402807131,0.13669965828822458,0.11351345484442518,0.06347093918517814,-0.13561642454173217,-0.01405463591950879,-0.04195372030914252,-0.031059409826073574
LM 28_X,-0.0915469425189535,-0.04297383237696378,0.09722880513896599,-0.09183839888509367,-0.09358565039641047,0.04606435236513813,-0.0056388269046584736,0.08267643903547678,0.19841296977391543,-0.019123264783742842,-0.041432945015288686,0.05137411524815872,-0.01966683869152378,-0.11266285510393687,-0.012162966150010189,0.20266484499348192,0.05803389501386978,-0.08402267326353616,0.11748048789424853,-0.08519029879970662,0.03817770982862343,0.0998092149606419,0.16131919474241133,-0.060794518129427225,0.23754210466228384,-0.13875458846347133,0.04942938510572499,0.062433408448867474,-0.12385449390276622,0.04051711252616761,-0.09952112387547091,-0.006600150047908323,-0.022047742099749728,0.16786533151271732,0.18917712182601848
LM 28_Y,0.14468192787805786,0.017823737975543718,-0.053051703680713304,-0.050289333007164976,-0.07122646764088014,-0.16682327171050107,0.031509320507531406,-0.16881398465396694,0.002847908288778246,0.008360838191599454,-0.03748394666080486,-0.16201782717337632,-0.11064533966855118,-0.03547402416842857,0.04036965905669174,0.006956168026364445,0.01226837424020558,-0.1784750072952654,0.15053550533533958,-0.004750224929365624,-0.12059159572772529,-0.17481017314512953,0.12458244375664454,-0.3210881545246929,0.08165934925772023,0.06979092500096844,0.016546307342676862,-0.016794986662730875,-0.09897354786015594,-0.216839072398207,-0.0980089990408187,0.23967457485489108,-0.09197889216760824,-0.015867374519919368,0.003702604292705583
LM 28_Z,-0.005999977115394608,0.11404450107384333,-0.024626984872065823,-0.09152400057828229,0.13898056284755994,0.02747562873216046,-0.03361659590827856,-0.1451620892269236,-0.06860392889111229,0.2051559791256214,0.05253583947540126,0.07201486814408742,0.06850691397714094,0.09658362909793412,-0.17457073381826313,0.06408402850170641,0.018347267851677722,-0.03353531083838993,-0.005382824843545536,-0.02118795526945551,0.02468445868279373,-0.08827308717169538,0.03723850843991479,-0.2899026414936921,-0.0975694451192786,0.19840261725264113,-0.036732548895472325,-0.18633546250684788,0.008449476875980794,0.0990180878146938,-0.11182532037876435,0.03353788736269908,0.029823511492850723,0.10606904726895176,0.013293949611343985
LM 29_X,0.014672523126294813,0.02145327129273632,-0.052477200988006525,0.025640995749223395,-0.005490943744114815,-0.011128331574954428,0.015066943534898547,-0.014749746375120432,0.018228501920234248,0.008786055874008828,0.06319098123039732,-0.015839246529378584,-0.06810109277152979,0.018507344921340315,0.1366406322854631,0.20836342775438316,-0.07783049334205375,0.03059418148493168,-0.09179345278385287,0.17056524817257518,0.08139021220428269,-0.07655458357369604,-0.08267429830390005,-0.02838866921313929,-0.023859600570308597,-0.06495864407988923,-0.008141845881688963,-0.0433352058814435,-0.08495200045227048,0.08654114827516449,0.22156807324628353,-0.07557546000149136,-0.07251681052231318,0.10400508801915587,-0.09003585430063667
LM 29_Y,-0.11375210832961294,0.11983732283547799,0.017255981323892045,0.08520204335207605,-0.07082699836941717,0.13088300101095746,0.05785050911107338,-0.004124879717688227,-0.010261229150778511,-0.07074831833203273,-0.010575809754513324,-0.06603464698249399,0.027082894090032908,0.04254010980194697,0.00758862042173229,0.12026296705060545,0.0270314175561007,-0.12147764685972323,-0.0013778740335778435,0.1396372550302279,0.14465966487732418,0.13245979399440824,-0.07863132473116238,-0.14111068746186037,0.00972658237649923,-0.00834731516616786,0.01959487339875194,-0.00450609481524584,0.08797576660663162,0.04116620161158534,0.12729724759250444,-0.017562315740958276,-0.10149485276571538,-0.008944985795953141,-0.01890378913951537
LM 29_Z,-0.03000259397488318,-0.051496749405765034,0.02967725528828638,-0.10888255806106317,0.012193540601140262,-0.1072108608225312,-0.019893047399194685,0.017700700208759117,0.09592422326322031,0.037803247629720406,-0.006143727867097957,-0.10951311681506401,0.184270567343568,0.12841887207276909,0.03621030316553536,0.10368222534934476,0.06785309489480207,-0.09547673205530043,-0.09043360581177094,0.15823124715513784,0.07253854024906073,0.09762807213080457,0.09776329372951467,-0.118465288747005,-0.0004698407909462475,-0.1879954459158518,0.03770689868287241,-0.15291808717296893,-0.010750631745133988,0.014089430757730418,0.003181195713097974,0.0821663502265613,-0.01992579015831454,-0.10487197056894643,0.07755024927793754
LM 30_X,0.013749599376864456,0.027276879175925018,-0.007365845040527942,-0.010793403732523521,0.027907774689655843,-0.006633213867201954,-0.07534528369918679,-0.07068756385214302,0.07937086298121514,0.05217463933072445,-0.13985877453165702,-0.03807398974541904,-0.08792756061594281,-0.04367154793550742,0.0015857717935326456,-0.10645430784247521,0.03666851523704854,0.012903935557385037,-0.018699608346093417,-0.06592898713231161,0.01343806077235346,0.08525631946541751,0.004085820434015395,0.11614010880827601,0.010429178324031658,0.08709460471215157,-0.02834431542764928,-0.03063208602257105,-0.04293287659798202,-0.06132527915514162,-0.013803634962478668,0.2674600171965335,0.18845506719676502,-0.16188075914412822,-0.000587417739965586
LM 30_Y,-0.1093890013742399,0.10524732582515799,0.0379482840003113,0.07858337971020037,-0.07407454843510729,0.12129671131408082,0.06906980095255022,0.02900654903379187,-0.03637911794600364,-0.08499331575865202,-0.01258136001672344,-0.08671644818473219,0.0851766929464417,0.035318985561642584,0.003196595364928986,0.05744676330878293,0.07800195513857353,-0.10698350762027312,0.11982199557833957,0.09963110817685986,0.06837975842522284,0.08581930239776353,-0.06823412832488755,-0.03467901990029014,0.028433530928733637,0.09547727590610638,-0.025988384181702465,-0.0524405433947838,0.029820348745351583,0.06504445383318298,-0.06950667098688136,-0.04994108351450766,-0.1194554711434002,0.014930524490204565,-0.03414406916994569
LM 30_Z,-0.05632916672845698,-0.06634940857733124,0.06262856312752252,-0.08920519036005797,0.027590702898872346,-0.10987098380221487,0.013862852743676025,0.07434069435701546,0.044264982873404836,0.016090364444889968,0.03605155316467447,-0.09128720853746004,0.20667069724758677,0.08717095503551352,0.05240961403994002,0.060285997854114856,0.07931128894103892,-0.07850462510278368,-0.04756703968659944,0.14802296258086678,0.01850978454065719,0.013718101547020746,0.05308875492849828,0.046245801592669236,-0.05318296887957916,-0.11192954002270511,-0.0039964431404672564,-0.14189766566926643,-0.09426859186802931,0.1329078016395638,0.09093508362384058,0.005698896662826621,0.04527894770978009,-0.06590548184664473,0.09346497316906822
LM 31_X,0.005171893881975444,-0.009887913908229167,0.021076358598897747,0.01361124193886212,0.009483889736986035,-0.00866361076419019,0.01579004722247108,0.011927726080811706,-0.02869629351793394,-0.012401793169461738,0.07548908601686756,0.009155400391605055,-0.03752014435565698,0.02562871399564416,0.010278031842599872,0.0017888951757811956,0.03567710622255905,0.01619173505842214,-0.022518043717403617,-0.019339345318024916,0.009167256333164519,0.022653497081661488,-0.054943764289293526,-0.06809086705915073,-0.10576612332108482,0.03460928091566845,-0.012996613931483656,0.018702255986850522,-0.049579759733672533,0.01659208034842993,-0.08457790399317973,-0.07472745820967482,-0.04027042959172366,-0.07815770956732139,-0.04167784774425503
LM 31_Y,-0.19707741569147622,0.08687496500605826,-0.05085904095605556,0.07842675265356892,0.096136744029294,0.01668443052661238,0.09300344091960402,0.14748978863361664,0.022346059404457337,0.023251716654236584,-0.13990044556027253,0.06755339364516766,-0.08919200567625504,0.0741496793538079,-0.12631909226233118,0.08323189000556518,0.020415895912142195,0.003802270312044723,-0.029394914509948425,-0.07130450359885908,-0.20676594629675915,-0.05206211574351123,0.055063883147831005,0.09484743042333786,-0.13501833811590014,-0.017886857906097956,-0.035022378618149275,-0.03051103799394124,-0.02787148447147289,-0.04952497244007976,0.04666076324434636,0.08509614096438689,0.10473513123224375,0.15988148216092388,-0.02973377818081368
LM 31_Z,0.0436145247238228,-0.0016156940395410243,-0.0817206499513619,0.05358888985709802,0.012246705174960095,-0.06216558200417715,-0.015541321419743067,-0.1397808155964317,-0.02539222237264201,0.02592183060827265,0.07194628634223288,-0.03379588810359921,-0.0688765091564929,-0.12496329820227119,0.020005663099935903,-0.03558624322455334,-0.12895101135617537,-0.04150020590587436,0.07552904219096451,0.1520487245072073,0.11876349732541257,-0.0021566495031875663,-0.09848424123112663,0.05179292973163497,0.13949529857834111,-0.051665838845282336,-0.17288650638987563,0.010351568664675887,-0.19136977107088626,0.16306312304926032,-0.15905346075704432,0.10061220760462547,-0.05708050577180155,-0.07202847400839618,0.0730176027039122
LM 32_X,0.01609485809379396,-0.005561890646200113,0.0634831479653563,0.0487745625453021,0.02061801468899641,0.004076637389160483,-0.011491218240762012,-0.0036572651521499756,0.04255847634867885,0.022606264853476714,-0.042650865009451235,-0.0013643399901673036,0.0474311217370529,0.008766915059334716,-0.07649164219541778,0.14083005895917666,-0.04875819158080193,0.060869132203113616,-0.044586205653258874,-0.0534788511254592,0.0208996268894186,0.08158529340400619,0.07837493044437628,0.09357695976513769,-0.09695561185838496,0.0007989467273381747,0.2052116391498256,0.06086758406639486,0.17808997707878746,0.13636223697085803,-0.014819901883204886,0.2034964771933116,0.14918738128777945,-0.05955506416668731,0.0619798848090233
LM 32_Y,0.24620778911532587,-0.20427176036205838,0.11771947951644539,-0.09585338826510578,-0.014838525486619214,0.2214639210200315,0.03214970437908229,0.209435847812583,-0.12105368250618553,-0.12075416497788771,0.17451052330720263,0.015749706328380707,-0.06155088597431635,0.03414376409123367,-0.04778590490696212,0.03633724001852282,-0.079782052278604,0.0627513051666045,0.012875933411695314,-0.13429853072689632,0.06874554628978652,-0.1962027234639671,0.07457721749418919,-0.143750146947144,0.08616608755116736,0.022468822148081984,0.020498845542931927,0.04187745939243571,0.15184020889037256,-0.021379516248153315,0.08955067958683607,0.09372617926317185,0.08157989891958717,0.011525048117596685,0.033957307917961414
LM 32_Z,-0.225048630194098,-0.7531368176530329,-0.12089763432477657,0.26636097288726857,0.19797311630070435,-0.08148375227474108,0.12705984943521287,-0.10909525313056397,0.021803743003805713,0.0013004708183238086,0.02589113614998482,-0.017323014911968956,-0.0344311821187049,-0.058670733531763046,-0.08676854395390725,0.037001110110119174,0.018559688038309978,-0.04270020790826599,0.061209004220595296,0.050214767717369935,0.11827602370610657,0.057864903451233414,0.020368059909742282,0.015960094257719062,-0.03012561607071626,0.02323178216485383,0.0029647656973023273,-0.0018884416024725129,-0.021731012908173343,-0.06660475128376626,0.018685381200369982,-0.020928719921884244,0.006992424484775362,0.011374376106403435,-0.12852080644446537
LM 33_X,-0.005972411046190692,-0.016520278420751704,-0.009601724697764259,0.040491846717847245,-0.017620082171163978,0.013884162508055648,-0.03557388917401278,0.05332647834773938,0.027000096675425682,0.016215817628238507,0.023514071908986266,-0.06511176012612868,0.019936748010366635,0.059435735920771,-0.008839903973214177,-0.03742708630488567,-0.02635146852316933,0.011051168531233854,0.051885311955873245,-0.03456030754844047,-0.09326970250970698,-0.06576860963903691,0.008570059201588072,0.010131019207535438,0.04259520418653508,0.09911500116111618,0.024275707644431866,0.033967484486973364,-0.01331697723699599,0.11276250254153448,-0.0076035838716976304,0.008210737957182362,-0.10488677750544352,-0.04382022955405043,-0.015790376334781687
LM 33_Y,0.13579371456361988,-0.013245811107899822,-0.12034012218440203,-0.13042246000136698,-0.017539056214960734,-0.022779487194819363,-0.0879740824007973,0.06758974258824982,0.17591761932787855,0.0934576065933639,-0.02115284685762055,-0.0206154693156103,-0.09846025695723123,0.03964561519442003,-0.2203213431789631,0.0021890574192225502,0.09750714232597625,0.03385966729094663,-0.08203667208721722,0.1473843345139366,-0.031822245062615204,-0.09631798558980438,-0.22523166489431865,0.010026516228855208,0.0652765471237251,-0.12259245058173161,0.10870253588438525,-0.10762918624590334,-0.011877212268078285,-0.0670900163985937,-0.04054400195176877,-0.0069040849286703225,-0.0641060220888186,0.05260078217146705,0.06663519805186179
LM 33_Z,-0.017599484163517157,-0.02895445034101815,-0.009405966990299889,-0.1802422151287592,-0.13424407268623853,0.05460391701169686,-0.04036411880564563,0.0550462571987827,-0.1769453071083346,0.047123704518211074,-0.11420902488762787,-0.032297914266243226,-0.048941072787801805,0.07773186713422342,0.16813652436101875,-0.0890098177948947,-0.1704131048495174,-0.08040465752006717,0.007022412037420664,0.013477997154437317,-0.05804573802759715,-0.08712392926367714,0.06517496572285475,0.05908431801008772,0.013207673984471558,0.12833380638836656,0.07192646828301294,0.024087579095912564,0.08383213847563999,0.07041414441979132,0.05989211698318232,-0.06473604583830805,-0.013770569296241729,-0.043764191054595614,-0.061910257305244826
LM 34_X,-0.013889125424444515,0.009211953654036166,0.06833630563669113,0.03546184286996377,0.029954663467061254,-0.05637231077148923,-0.07510676764918121,-0.08773347392924853,-0.02201230236299415,0.05421063874515698,0.07300303186068165,-0.033180241541237644,-0.028664390453724087,-0.029972259293556312,-0.05137919297763532,0.2440625207142889,0.058549371993014694,-0.0426757311980912,-0.053031213059675994,0.029129787886541362,-0.10267653702378216,0.10884947447968076,-0.08096120805789275,0.04502169622149652,-0.05634341614936046,0.12890075814336593,-0.2496864408926727,-0.08289070268717433,0.11641249330149163,0.11525742901604023,-0.06639017933458172,-0.054651028504141434,-0.0691643305447378,-0.1225850572193187,0.016419176416424233
LM 34_Y,0.31735352501158837,0.03497657140639048,-0.02152799111199755,-0.028287751942225454,0.35921079043781534,0.13745495470996985,0.10702522124746798,0.14790407676433154,-0.04035782819409411,-0.1818037371663448,0.21613183527214616,-0.16694074241672485,0.057491231487659396,-0.049386494527199155,0.0922704794446981,-0.033541764210724224,-0.0017526712923705068,-0.17142786697709378,0.04208866043405434,-0.04516797859731955,0.010631842337877534,0.1798851813480652,0.04702064969888937,0.25075980574295154,-0.05760631570068859,-0.002288848849373847,0.0565209830488109,-0.21347398291128444,-0.12285244699405164,-0.08824803138338876,-0.09535595055233506,-0.06166502223914623,0.15735572895996927,0.055551515327157436,0.03096597877579807
LM 34_Z,0.09344559167075112,0.23813550573194167,-0.1405257782153533,-0.06862517271682,0.5746060499578235,-0.08527773216999676,0.11754809765281804,0.08992156381121293,0.11028999393613019,-0.022557963671882314,-0.21425274217117068,0.1558532924198157,0.07965551180980616,-0.04601372785582137,0.20008725587659798,-0.052779370343086086,-0.014142171497189264,0.050086340233548646,0.009779878148361603,-0.08517713953465685,0.04525384249468442,-0.118268493037411,0.037946335332531,-0.011354627686824405,0.05315703212684883,-0.04582456096517186,0.026795135418361374,0.13370893221846333,0.0018979683502796873,-0.002984111263790115,0.012673273805486406,0.02736992025930461,-0.09758141685537916,-0.04853383907205696,-0.05141253787358459
LM 35_X,0.05171106764549981,-0.023730173628304922,-0.12145633855051823,0.134130094511944,-0.02640470715151492,0.02110857135276656,-0.04845317584239651,0.028842661861168555,-0.0980272044228814,-0.10968500736755885,0.01714878884137857,0.03624739060977378,0.2982116641216548,0.24217367014797608,-0.0711211192770806,-0.07525577888089469,0.13801620053183883,0.040947600118715226,-0.008338327573377808,-0.17785262665146556,-0.1667664785939813,0.15236053465326824,0.09431414680622485,0.06185328510207306,0.23708388411910453,0.09092253218742868,-0.03305725764407722,-0.05333523618349741,-0.06031969226415595,-0.10740458251197997,-0.02470573588500007,-0.03703415211088578,-0.15582954271535684,-0.030116883936178514,-0.0333177272977319
LM 35_Y,0.15013348933274875,-0.002353200517900606,-0.034784717800173795,-0.09739662300499943,-0.050982740500307135,-0.11561034199803337,-0.02628643618527726,0.001809678836261771,0.09687766551255644,-0.025934500584962893,0.07717367023806837,0.09805417321214627,0.015923130123832785,-0.011360447531932607,0.060055028966481405,0.13022911533660592,0.15102056991703913,-0.01851073278439053,0.18328128921666223,-0.0398804689533629,0.0067129240430674995,0.1287654231150707,0.14976098924113698,0.18671799946176637,0.1781220556126476,0.211959213151151,-0.048913652689276804,-0.02378409327807525,0.1838146142790622,0.17456695328157473,-0.004175351319438162,-0.07044403965516353,-0.029471646561289633,0.06618465173685809,-0.06793317385973778
LM 35_Z,0.008028539695536446,0.01762986601921916,0.02187386109080267,-0.03050135230967342,0.008089837213581079,0.07745441992820873,-0.05424036190179714,0.0024796709790049962,-0.06450602986768982,-0.061416239167522244,0.1201423737426594,-0.0271632813209569,0.0330217104000234,-0.09970133503755058,-0.05481163060326534,0.08856394086971868,-0.01808209869674145,0.03959224974883973,-0.11814146913988743,0.010068083750980259,0.015672494856346815,0.09730785082257017,-0.12371213844192794,0.08768325476981112,0.10186923702752114,-0.004705336839284409,0.11958795514011793,0.07830698683190587,-0.06345182775189893,0.00043751350987307556,-0.10958508391094614,-0.06038674371406968,0.09066251676438031,0.06215462028612915,-0.009485409683656614
LM 36_X,-0.07438554011636855,0.03431579896981439,0.1005425723626291,-0.20093786303973005,0.006773037149816138,0.043703902060083,0.08507479505701081,-0.05529429902509036,0.09939925296349804,0.12123441524929146,-0.013115155002141698,-0.09609717537557516,-0.2387706678048779,-0.08312120296708495,-0.12706039581996353,-0.2544254692925714,-0.16061124354462278,-0.09757380324739243,0.07767553435983396,0.06850690574005025,0.17956877113756523,-0.04043623547655331,0.05785953428601525,0.0955339812647479,-0.05780320605737514,-0.032427991405705354,0.16556339564809744,-0.022281742335760173,0.03854103329249032,0.021049071672147656,-0.13874194120933897,-0.05325812133146433,-0.25221472538797496,0.045080829008696956,-0.0023574426345206803
LM 36_Y,0.11783702599238642,0.013095521849261414,-0.06102582309104011,-0.024577082838956325,-0.014337111016046108,-0.16099902411637035,-0.10517574075773835,-0.09618618632094603,0.014994419543122105,0.026967123364935744,0.04216960811105282,0.025860059014741216,0.03635488138249101,-0.013437741078462262,0.0971427698361566,0.06375676162998861,0.1458593353510504,0.011522051570752291,0.141846318898571,0.03249023611675978,0.04821776206338255,0.051460943786684164,0.03607202173513557,-0.032164379358469705,0.06420397828081041,0.07067443542136964,-0.08447966499327496,-0.04126066547277242,0.19869263750590369,-0.040109663864695125,0.0715231328761049,-0.04520003157657494,0.10565396345695481,0.03258686268507681,0.04511820175790513
LM 36_Z,-0.015905259302128598,0.031706969687040204,0.029240178805562185,-0.04161018597915253,0.01445187994261197,0.06745041930259274,-0.10241348374971243,-0.10833646751169462,0.00692384104472068,-0.02880972517161341,0.08242235697276698,0.07036878718174298,-0.04060606116565529,-0.004548821666986908,0.01617510230508009,0.06192945283908332,0.09701950440403062,0.06913323742202357,-0.0006910551965491891,0.05498069329094124,0.02709216306023048,0.030641551105122834,-0.06036858366689425,0.04140436560000938,-0.03771617419428043,0.05606966266185607,0.11389663275877612,-0.0379682713138879,0.07808970591803185,-0.054497539953359264,-0.12093759760112176,0.24107664808685583,-0.05325245727743726,0.1916883934232533,-0.04010968064065162
LM 37_X,0.015038381166090515,0.008173991274571381,-0.013545047014511872,-0.011476826508279667,0.01824149951022907,-0.016457318121192843,-0.04044224216087486,-0.0459859112459389,0.012839974084778908,0.027880785496171956,-0.08419825185211334,0.005397728358683147,-0.02057718366665831,-0.04602419571852482,-0.01274636249875725,0.02388324877694528,0.03706253994794812,0.06284412100513613,-0.06299322649127163,0.058914004847049325,0.052501766392989,0.04692233439314033,0.03075636967430758,0.00860281503109571,0.03943247372554444,-0.010788979279194264,0.0012941249339588948,-0.06946426870741094,0.13154646839136455,-0.04735266015855815,0.009468060530658929,0.32553787508562965,0.03868742001419698,0.03248792071298751,0.04014112999173225
LM 37_Y,-0.10556867611019313,0.0832535288147648,0.10068510745840598,0.058968102254816294,-0.05763228479119734,0.0310986281456166,0.05297547074374835,-0.06261775678498961,0.12063502719971869,-0.008920031070444976,-0.04569181277175345,-0.03608080669832129,0.2139211432953889,-0.08078965198028205,0.1409193518758868,-0.06879815716228606,0.04976541098381742,0.037146548323555725,0.1434231583567227,-0.045427584772516,-0.02790265889578397,-0.1342588234698497,0.03354981597588054,-0.07971300954781309,-0.07755565285531739,-0.009261729588801294,-0.03241118892709856,0.2303176182304555,0.01611842593918777,-0.02039851363957783,-0.060722667114766246,-0.10249244067205512,0.05775318627621752,-0.1047215071175647,0.00873283912263733
LM 37_Z,-0.038927580827755104,-0.05219116901120964,0.011484422630939205,-0.06865902191855344,-0.042136548404023796,-0.07159276498082297,0.04026614546190907,0.0763811947625725,0.19922707497881692,0.03707974764234756,0.07212667236598576,0.004689131916723047,0.19559201791575712,0.19728549071494245,-0.039862900096783296,-0.08958248661044962,-0.017706608581706595,0.027609956142232352,0.05090218987768832,-0.12691453208964348,0.15567261614256891,-0.03468269835999734,-0.10451704640271173,0.020508583829685362,-0.13347557588846815,0.002319940981831279,0.06841919843210797,0.14492979999193892,-0.07929160594551257,-0.002424542115125985,-0.042772977989944706,0.014133851007886562,-0.03643113593119241,-0.0066627129992866355,-0.004243732143562555
LM 38_X,0.006381998448183273,0.0125029700343234,-0.01910201863657249,0.009221490566192503,0.008448311747112618,-0.014273393579247366,-0.008015060390604746,-0.0211127444337449,0.02699700155431669,-0.0083336633814882,-0.04171984111316488,-0.005212868773095366,-0.04056303549888722,-0.044212414646576895,0.0558603049120114,0.02860427479539024,-0.003348788735151059,0.014436925789127211,-0.03038704440475475,0.0377587889578381,0.03096839905035561,-0.0007110386233617489,0.018401741287466723,-0.0029252955952633326,0.06078709954948541,0.07635190895850373,-0.04443150653011853,-0.09271917852988663,-0.05258945568225354,-0.031213790493707313,0.04355284708780546,0.056448016691016005,-0.016787173451475925,-0.060850265782641876,0.0003363137811750116
LM 38_Y,-0.1299580125798051,0.11102378914956922,0.06238507672048122,0.03892343634896139,-0.03393598142672103,0.0916639229530337,0.06755874819821334,0.0010280242947650173,0.041999283439802644,-0.08317521170255116,-0.0932234002197264,-0.0809101280002156,0.059446379290141765,0.0320157508772153,0.05722961610882445,-0.012597065953009636,0.09225982707535017,-0.005399819203692329,0.011775317623697133,0.05191097646527017,0.01944784432470668,-0.05422407891947608,0.06678581106216502,-0.03238712627574374,0.07100505372758141,-0.024938794286344913,0.040732889440424455,0.019668333088415216,-0.08476141660222597,-0.034581594656885414,-0.09294939620406928,-0.020294688898705456,-0.024146733042131042,-0.18760086420106822,-0.033014884111546336
LM 38_Z,-0.04407295893288249,-0.01457073737887928,0.05644621104358201,-0.10592672524550234,0.027688927234031005,-0.06576880113938934,0.041884324239340964,0.015823361566243886,0.09142564963749672,0.0003344888791300231,0.0008498056447178125,-0.05825252227866541,0.1299757052359601,0.20283004965374324,0.01078906976801643,-0.07000796780838241,-0.0015225098845232325,-0.07541267601703087,-0.12857963709831283,0.12117513274439509,0.17690047193348055,-0.14975404353251565,0.03841281976980978,0.09110135323702517,-0.040707377368753926,0.0998602228616436,-0.010828345886387472,-0.034344105514594006,-0.04637690128027968,0.08283167707110393,-0.008688248029880493,0.1028939024004434,0.1674972427640704,0.0756365827575221,0.026283602734950673
LM 39_X,0.058898866727326075,0.055785549434638274,-0.1533412460741274,0.1597159548698142,-0.06727505965648345,-0.0192678485329951,0.06580375537535248,0.008675099659381008,-0.026908006911205932,0.019068582193531993,-0.05310002018549331,0.10894516341011348,0.016158786151425294,0.1119020436286635,0.05914308576709282,0.07932770228949447,0.001450151138764921,0.021833411768896444,0.0679998567320948,0.10732821941722427,0.09076135409272816,-0.012085003335369857,-0.023331213625992036,-0.009044825512208535,0.036069457191287395,-0.06262923848728721,0.007884337439914143,-0.2270738749965929,0.11000649830657883,-0.13144830332152535,-0.08305788483084083,0.06765383643764221,-0.12113807416147197,-0.011283114366713188,-0.0034378191273429465
LM 39_Y,0.09859058160428294,-0.12901100878339367,0.055474202259603485,0.03284721321642233,-0.09515240634248612,-0.26817274111802464,0.032384809943118945,-0.2456539201537962,-0.028483437976205506,0.01045062677465333,-0.057913216397875805,0.16776849575114552,0.09285199381516494,0.06186535285824538,-0.008646986069030138,0.0274410852622326,0.21370760465064878,-0.009056347321338627,-0.1601123451360563,-0.11109741872846846,-0.19173123728243008,-0.16526418621763267,-0.021326376656644854,0.013606091082874049,0.05973975918562984,-0.07435824556529681,0.26022678501110885,0.027426449054854328,-0.0038502003377072574,0.07819748286365275,-0.20352249489029978,-0.10264198073878975,0.03893017436572017,-0.09081050119932726,0.016144877429401665
LM 39_Z,0.00677815904560721,0.06497187952376825,0.023587036345398063,-0.005703668898109713,0.020642329653714157,0.03339105814742031,-0.05875609963732459,-0.010226643775958472,-0.028647041515485784,-0.033771616619169,0.0682864132283726,-0.02825842086483644,0.012782004081832294,-0.15255426547270554,-0.017281847999401516,0.060556792980771164,0.021578619515794397,-0.045653070966519514,-0.06961129273188976,0.04606669409254462,0.019560000103905288,-0.07338695837320659,-0.08406290261837061,0.12098804757153896,0.0726050229944285,0.00546953117986646,-0.1125853479962578,0.09124173073963071,-0.013750388925030867,-0.047431561960303695,-0.00140944722295118,-0.041749257905078926,0.052895055957706015,-0.01727963008792068,-0.03377413226302611
LM 40_X,-0.07764979636822096,-0.06686655633317025,0.13642359897964076,-0.17219897388345026,0.05489820975720595,0.061681356812218466,-0.03745352638214081,-0.047664705647760076,0.06528665989563555,-0.05136657205679093,0.008312150786191784,-0.020738808809198574,-0.051287412735311746,0.02075965087992811,-0.10420502109301237,-0.09870045615632217,0.06802670619522865,-0.022397071536595314,0.0006026255257562523,-0.10264871955408005,0.08585090591356671,0.04260373306532883,0.14063474254056402,-0.025463991801763296,-0.07775430664890176,0.01214785611210678,0.01709353028655674,0.13349571660618328,-0.2055204113281764,0.036112749298438176,0.030116766442220253,0.02680717943184022,-0.052191051513587015,-0.06269233550595613,-0.026950079589934898
LM 40_Y,0.12051356849450055,-0.029405336385999167,0.007967975136562456,-0.14278107646889343,-0.11067194597039226,-0.17917599515035398,0.20890221073367968,-0.05532432748632409,0.1482820216686061,-0.28572254893394083,-0.0999060278585716,0.2766273327500393,0.11532313646403627,-0.06047512599684353,-0.14532257176779492,0.12809501447901636,-0.4418616485544746,-0.05141158909709054,-0.15284399453205527,-0.1978118016810639,0.08968893930254818,0.1185218867883825,-0.14693895357881703,-0.008617936732060743,-0.013876386986883723,0.021928743793726918,-0.12104850938693673,-0.06612778404461626,-0.07791958826572737,-0.021043285922721578,0.016462966496443632,0.017131365030192407,-0.024611785219572066,-0.06408957441073125,-0.003890647611684191
LM 40_Z,0.013741307504534832,0.06746029032005073,0.040456794941114496,-0.000897791333466404,0.038090523692800964,0.021408907210007763,-0.061737470139426744,-0.1006016976453143,-0.01067454415826274,0.027857188066356602,0.07785387482900293,-0.0008892381662941968,-0.11228673307701907,-0.0739694631631757,0.05581587150264994,0.023621006903317324,0.10034203001417565,-0.005024016412072381,-0.044767485855848756,0.005702458768770481,0.01938626969870027,-0.17042347593459403,0.05676428480393109,0.10455033667029093,-0.034901329951228015,0.07374207445590078,-0.19172058977671066,-0.0955120192091829,0.023153789213898157,0.057877108271790434,0.041792781171255594,-0.003980230507245605,0.01100268698022663,-0.174458907424075,-0.006896184668490799
