Sample_name,PC 1,PC 2,PC 3,PC 4,PC 5,PC 6,PC 7,PC 8,PC 9,PC 10,PC 11,PC 12,PC 13,PC 14,PC 15,PC 16,PC 17,PC 18,PC 19,PC 20,PC 21,PC 22,PC 23,PC 24,PC 25,PC 26,PC 27,PC 28,PC 29,PC 30,PC 31,PC 32,PC 33,PC 34,PC 35
JAB_LM_1170,7.032437588742837e-05,-0.01567919314066125,0.01369846484460815,-0.0032069079334740075,0.0010625289113217712,-0.0023165877463675873,-0.005470138788856874,0.00916167151732939,-0.0012778493515043516,-0.009297391410113804,0.003976495002780613,0.0006840160279981139,-0.00573177906251391,0.006111945777705857,-0.001968850676116589,-0.0013230350661040458,0.0018477327000581182,0.0015791705389612476,0.001065803901346907,0.0033709614731860836,-0.0008861538379227402,-0.0006060461851725839,0.0007576149892080207,-0.004648266833997475,0.0017611778712663835,0.0023327939260045223,0.005129473556533148,-0.001469961045395751,-0.0005430331585334867,-0.0023639599417582535,0.0006912947057187064,0.002895043162570252,0.0007933237914097473,0.0005639682370702227,-5.08215924250109e-18
JAB_LM_1353,0.0035559816116374093,0.0009703778554969615,0.01418347144479547,0.005764196328836426,-0.005439310069699168,-0.00322652494608616,-0.003874850451398628,0.0013253953696911948,0.0014715559845189365,-0.0012562892872224761,0.00486188714332792,-0.001745198586726903,0.01011887597668437,-0.0005110185665432699,0.0012276471137452872,0.004489635643293917,-0.0005582337752155662,9.837488836317812e-05,0.0002838815552987411,0.004280806953647672,-0.0005579236598892512,0.004098607133681264,0.004882006124807627,0.00033708821899948254,0.003503923740598459,-0.005385065398123262,-1.4080625725175037e-05,-0.0005006958332799308,0.002607154985535514,-0.001065982146147482,0.0010993401011081903,2.133649344187396e-05,-0.002799772131767995,-0.00022954278249909794,1.0630395631874622e-17
JAB_LM_1575,-0.002840181560794077,0.01935130711667479,0.012117025447048511,-0.0022040458024406777,-0.010863590468218103,-0.008401683546513135,-0.011672177761108241,0.008003459326687204,-0.0016218038063900645,-0.00717760910443502,-0.012172117473836194,-0.0027468697746505693,-0.0009616359501240629,0.005277259958354755,0.0007251434776926537,0.0004482734849902919,0.0037781520539834994,-0.0036403216609479554,-0.002204535811598199,0.0010848283485470306,0.00675016089032684,0.0011906275348630023,0.0007103554479225525,0.0008638845323250145,-0.0013024550867053032,0.0006286206411309494,-0.0024671983505452546,0.0018986679822631564,0.0009072344547070757,0.0012310730860991103,-0.0018382751143046017,0.0004250378871775154,0.0007759915670817464,-0.0006270301243402822,-2.96254048336804e-19
JAB_LM_1601,-0.006474725569105024,-0.013408452048841878,-0.005170055727833399,0.003465076918868254,0.004008646448721889,-0.008574479856559503,-0.010487784296873196,-0.0027718376314614657,-0.0022456711663731447,0.005898603735976581,0.004669340853586722,-0.00012109233897132253,-0.0021805258181392907,-0.002116356721438802,-0.0073126400125015124,0.003914189189256864,0.008965570102648587,0.0014055609046973064,-0.000283303374990601,-0.0016531099405338104,0.0016119263483464325,-0.00298994687856269,0.0004827062662826397,-0.0017045635114667282,-0.0020527356056024323,-0.0005623781756292446,7.268418205623983e-05,0.0010747482238878704,-0.002964278255203715,-0.001338319610860756,-0.001904453492138412,-0.0014605589925860915,-0.0028360080007860345,-0.0019861667536713295,-1.1800682529327657e-17
JAB_LM_1882,0.013591797444818586,0.019000988329973635,0.011626675717539846,0.010348009466940424,0.01844568275934762,0.012813466801052905,-0.001697716466027442,-0.005394946457551566,-0.008113938943013212,-0.0033197538777620258,0.001958153057833706,0.004975383367571698,-0.001719761036666218,0.001618450291436989,0.004809404619433876,0.003228788183259677,0.005502650834854395,-0.0005685029296720248,0.005471722112069101,-0.0016683218380522508,-0.001671233115288044,0.0002841768209726719,0.0008633864333072753,-0.0023591844196003305,-0.004394503619698467,0.0007077920512214742,-0.0019213020418926386,0.0004915448080331969,0.0018189051231431142,0.0007750260599143976,0.0009019150305844361,0.0005694482356672015,-0.0008351240740579285,0.001388754642882914,-1.5358293982952236e-18
JAB_LM_1892,-0.014502585752213457,0.0006469409048463143,0.015211310927589533,-0.002188754356229069,0.0006276503647071756,0.011439474620877205,-0.00437703626617942,-0.010200971625961895,0.0006436630283643488,-0.006509470225905996,0.0020355895628485754,-0.0021580796442758894,0.0009368020954857522,0.005659515509437542,-0.011509544252375098,-0.004028060292783553,-0.005899004642238159,6.542142343595454e-05,0.00426214830660456,0.00018223644331654456,-0.0025993200658492167,-5.612993553478674e-06,-0.0021470893427530204,0.001768673743749402,0.0002567367629946569,-0.0017792241875108049,0.0003438380484658738,0.0015119951346946302,0.0005053647439622107,0.0009662529181980304,-0.0035215562210840516,-0.0013387249961885558,0.00037085390413781484,3.79393635379205e-05,1.0669211252775058e-17
JAB_LM_1900,-0.008119320016165573,-0.012130741951212288,-0.011642672590032857,0.004470505778397568,-0.010642879657607384,0.004994577461337273,0.0062845275232167675,-0.0011142747985984653,-0.007848676289552884,0.0013559549081545391,-0.0051405779695545195,0.004799144884487115,0.0003322324313547821,0.005045333788429098,-0.0045427386048573475,0.00064110254708371,0.006232826118922787,-0.0007356199346368371,-0.005215351339639631,-0.0024179108670235533,-0.004483101166227513,0.004428434960448893,-0.003067136313869981,0.00011156494300820109,0.0020956216253948026,-0.0010621149110294026,0.0002773346305302299,0.004312721271342147,0.0002295354075413671,0.0008126348295840137,0.0027320410824624003,0.00064819478155868,-8.537529539603169e-05,0.0009328715285763931,-1.3161745814465413e-17
JAB_LM_1941,0.028216351277379616,-0.005749595478892913,-0.0025345452460168723,-0.0060324247039272045,-0.007261419170020439,0.017402979803100037,0.009850810523153298,0.012237787029878756,0.002723433690833371,-0.0036767655027059717,0.0022727077607429895,0.0034263875647858005,0.00015911427961908144,0.0038224657316791645,4.95085946164075e-05,-0.007459382859780827,0.0034096188944772016,0.0030880491922111748,-0.0011857169126912924,-0.0013903216687725874,0.0005648331822251762,-0.0016032316434534564,0.0019058231752740514,0.0006507087791054449,0.0011011862823279831,-0.0009527859652702333,-0.0044450313074298935,-0.0023537460503459218,-0.0018699700193493235,-0.0006737998268382167,-0.0010011099692889879,-0.0009860988882332154,-0.0010478026382848616,-0.0006288063564729103,3.462604288139748e-18
JAB_LM_1973,-0.004133746529677564,0.030334730544514753,-0.002815159085802302,0.012455631772183132,-0.004034196462095092,-0.014393646794502432,0.006997330684858584,-0.0006126068950315395,-0.0018381604635332469,0.005286772505837516,-0.004121378822709828,0.0031938091449892495,-0.0046417183727862086,0.0013468640496937607,-0.00035913898476117213,-0.005087183845021259,-0.00252882367499508,0.007837971849139647,0.005679618288065362,0.0005488947919983832,0.0005669848821244023,0.000777278944250477,-0.0014574282410921258,0.0007803949828628471,0.0015465648117612902,-0.0005891490369458239,-0.0005470213528933267,0.0011436264968734966,-0.0011063423542782493,-0.004095595448576227,0.000896078685682649,-0.0002876150246238724,-0.0005393234135258421,0.0002952041805033459,7.260120597425672e-18
JAB_LM_2270,0.03106396766738273,-0.006107022453985597,-0.010053261831450415,-0.0009181665899035986,0.01641772415515415,-0.019448532214484112,0.0005979925410065042,-0.010868366392671068,0.0053928244547348835,-0.008893814748008703,-0.002393630490522757,0.0001150762977584594,-0.0028329305198183646,0.006103226130134627,0.0020654644671319095,-0.0036288991169126784,-0.0018971061898399276,-0.0028073644817352954,-0.004048821483060714,0.0003749035865499557,-0.0013527304938890155,0.0017589386286317595,0.00028550639181189113,-2.2286154677804422e-05,-0.0008191541396713523,-0.0021797993002360396,0.0004544437023950279,-0.001418453280133452,-0.001730364746442893,0.001281933253587762,0.0005896204995523979,-0.0017570506877591025,-0.0006158087581316474,0.0007238071738467036,-1.5791756704798358e-17
JAB_LM_2274,0.004776386865493453,0.024612576078978432,-0.016769217129754703,0.004630351214146895,-0.004229468438350054,0.014318506016779102,-0.014551646818491944,2.989168475144042e-05,0.001231460729783453,0.0009051911344659211,0.0010665575060518013,-0.010322523573252258,-0.0005949760209385857,-0.002360193420767907,-0.0004580319472776062,0.0006593838083896271,-0.0024686876799751675,-0.00102940461468086,-0.0032160419029009907,-0.005107254735219069,0.0017042780541602948,0.001938586768953732,0.0007033662807907239,-0.0037163577525350243,0.0018752454818081496,-0.00023829348948778992,0.0021767808370328485,-0.0011784801713367414,-0.002038839904716403,-0.0012594224224465734,0.0005835532902774345,-0.001511856044056327,0.00032443997159179713,0.0018243176457060125,3.833982477665831e-18
JAB_LM_2294,-0.010513481056206142,-0.019576618452759504,-0.023938357740625495,0.011833868323002218,0.01122142772219521,0.008999113578925924,-0.005771038871212506,-0.002792795562223222,0.0033643400149593666,-0.0016255987930575168,-0.010851485443902372,-0.0059511612526213275,0.0014676444810940647,0.0021136929424251877,0.0030271940354388784,0.000265548122486714,-0.0012566109425616644,0.0023320283557668907,0.004579626083919117,0.0019916954061635125,0.0004274585674063648,-0.0039986992411804746,0.0044238992074203875,0.0022053772649750763,0.001925274595754065,-0.000328927990817115,-0.0006770926088973621,0.0015363829084739564,-0.0009658273505384118,0.000672021805178556,0.0011831564515368289,0.002004909261190051,0.0003799136017259667,-0.000899975678012704,-4.8738755763159204e-18
JAB_LM_2303,0.01914616679067502,-0.015419509251455786,0.012294391050006563,-0.01476120667096131,-0.0038546145167423027,-0.0028038366888467597,0.004910248169585758,-0.009643857686947525,-0.009392168262174894,0.009890782600630537,-0.0018545192118424878,-0.0067109334729134355,0.00479017940988626,-0.000554003052894053,-0.0006481263066164628,-0.004349413141644006,0.003764937284634175,-0.0011408129331987606,0.005671619681363048,-0.0008137397059370582,0.005856719663182531,-6.714324396332032e-05,-3.0221933654512163e-05,-0.000356300048751246,0.0024576154193846787,0.0018980889351617974,0.0011621671441503238,-0.0008629113739312906,0.00024837192854671787,0.0013161508779760075,0.0018859542465937808,-0.0011266242444205401,0.0007186125150019547,0.0008363946905669932,-1.171894237601662e-18
JAB_LM_2317,0.005703855140525113,0.008925137892588888,0.012392522478903443,-0.00685750288663307,0.0003160716881469658,0.005381420991744553,-0.005741303527604237,-0.000870392736579924,-0.0002280756884212352,-0.001906520954433293,-0.003547253832966182,0.0037194486972733404,0.004172458276538534,-0.005956855926217263,0.005600596488739301,-0.002212910046498949,0.0028219707380326147,-0.004576341416284192,0.0003298722204474974,-0.0009430218878331449,-0.002404174003509273,-0.0010849186493001367,-0.003994748900221091,0.006236270749357325,-0.0007296646892720359,-0.002235566088936572,0.003920947736354891,-0.000503002319576613,-0.003975671148243217,-0.0018286077421046578,0.00039372704771282807,0.0014770638417478245,7.282825536042023e-05,-0.0010749634264042736,-8.18328624281698e-18
JAB_LM_2343,-0.024455229859726757,0.008987510184655049,0.006378891911898894,0.010174580396460966,-0.009914069642378637,-0.0038794785578950535,0.0008057685369764216,-0.006166710671300847,0.006512628215177835,0.004164115555362647,0.0007883423015201544,0.0053319547174681394,0.009763176565148246,0.0030708254910424195,0.003417610552606025,-0.0012873476287044096,0.0034878729914731127,0.00493758878159142,-0.0020671771303939364,0.0008784471909704441,-0.002166035795854395,-0.0018316643930296802,0.001639074837100116,-0.00333764473184793,-0.0013619970679779037,0.00031433507810661016,0.000557029388369102,-0.0027147550540544997,-0.002646863145280532,0.003301038481987296,-0.0006446892596984839,-0.00023605329067534768,0.002354897851945791,0.00020964176488306565,1.580123819153818e-17
JAB_LM_2368,0.022706181161652933,0.014866605374351258,-0.0033535495026908962,-0.0010146669212398544,-0.005265589810736901,-0.00639130344912218,0.0026910603187504305,0.00013976505639096728,0.00802988340036279,0.0017770207424546464,0.006154668395131331,-0.002075484025160081,-0.0005408043500930699,0.0043204503404779505,-0.0038445437865316174,0.007725953395152333,-0.00041078849631611205,-0.004212664831367113,0.003304914584522077,-0.0043612620023438416,-0.002499489304201204,-0.003515421989014751,-0.002314140529114617,-0.00048248815860454773,0.0025535780002022045,-0.0002982972853819311,-0.0018926026850518262,-0.0005664703167860198,0.0009389650781874936,0.0005572385812286638,0.0018656610212932137,0.0015122417138113853,0.0021492725345008596,-0.002485787343704279,-2.0654943846743348e-17
JAB_LM_2380,0.01176801322709528,-0.0052019290281201305,-0.012374116188869943,0.0018938144586249954,0.006329541690247883,-0.002602433529598321,-0.0005308802995488184,0.005411874604312053,-0.01077992830058204,0.0050861093853301394,0.01086500411565986,0.0009354909935957639,0.0043048577849881635,0.002020047355231958,0.0018840612338872375,-0.002855395863250191,-0.003513278251131117,0.001661001157983626,-0.0024421811430640123,-0.0011695360756593968,0.0030959588307596458,0.000722332027235737,0.001975890561003909,0.0011901589832799086,-0.0038955994974929284,-0.0030724551736569647,0.0014478099337431685,0.003044305066665815,0.0012577816684018956,-0.001125848648260588,-0.0013754936226497904,0.0008179260719224196,0.0034107524611138337,-0.000701693117169224,1.3397609081299693e-17
JAB_LM_2431,0.01319467226697762,-0.011158055429585896,0.00991451680169935,0.008860413607407698,-0.0042446480663272815,-0.0010478268633489695,0.012117954281920303,0.0035343671509361968,-0.0018270788596351228,0.0025060096384887094,-0.009150522350291958,-0.002847485190986715,0.0014695904908246656,-0.004644406808124343,0.004222257987742259,0.0012525488874551914,-0.0037889065393988766,-0.005430860808752161,-2.42039002957477e-05,0.0006949557726945077,-0.004067002412956997,-0.003513616648879193,-0.00040585906360316414,-0.006333291385031091,-2.135138720518418e-05,-0.0008536154242103566,0.00018151092935505563,0.0026852105639061973,-0.00011408477953390082,-0.0017551723023396491,-0.003053757920567706,-0.001296544314462781,0.000240799648087044,4.9618063759646426e-05,1.7330779164438305e-17
JAB_LM_2433,0.019704465247837408,-0.005756618061564263,-0.011689588797125837,0.020506556522281134,-0.014862215951785673,-0.0003698463042967886,0.0009742412695069156,-0.002381873728380081,-0.00389705331369341,-0.00411536632937918,0.002694243720898153,-0.005650046759774921,-0.0019085016630481725,-0.0016703404762828478,0.0015201872708447237,0.0038967083142182946,0.0032990424938069453,0.002998215423635545,-0.000916467625830449,0.004496954026279114,-0.0012000559261720648,-0.0017020390583140277,-0.003597420343568275,0.005029224243159267,-0.0007212585625276758,0.002496951100098067,0.0014745461653184059,-0.002614959264486327,0.0029323722732897996,0.00017676770760925394,-0.002167644485578426,-0.0009200151522098756,0.0002183467661315044,0.0010075226698686985,-1.3590073336069125e-17
JAB_LM_2458,-0.004248943583675322,-0.0033600469474589587,0.00021667054339864696,0.007148288200086056,-0.0006063048175249045,-0.0009502151262630736,0.0022624323553678966,-0.007272131303616581,-0.00460672179529593,-0.005582895119571057,-0.0002843105248405404,-0.0027073336933265872,-0.0025763197825479783,-0.008445930967575713,0.0015080542325679547,-0.005884157590060476,-0.0018780128189128467,0.002748736814263239,-0.0018717674045452787,-0.0040907589489255205,0.0007215101008384715,0.00444226148419243,-0.0019209620042866667,-0.003095330499359218,0.0008207063626422246,0.0003781889208055999,-0.0008410289017975206,-0.0019964830237788936,0.0017716687655248155,0.0019258943247343252,-0.0010324599974331358,0.0031548858761927335,-0.0009629227577196818,-0.003030022064856461,-1.2423161604188101e-17
JAB_LM_2463,0.0007876156429977858,-0.005736960985997418,0.009541298107017988,0.012442431802864699,5.7849849078878477e-05,-8.948357301349621e-05,0.000563092129936801,0.002417475484049117,0.01907080503730649,0.001104992436426706,0.004829801254210321,-0.002014463649501815,0.0025253732801148563,-0.003398013970265108,-0.00218648234575233,-0.006402122527195771,-0.0004010454230882979,-0.0010282812686602245,-0.0022462569216305547,-0.0007538331326226198,0.003646315577819056,-0.0030906942137731127,-0.002742185747625055,0.0001918369386840079,-0.0029302338424362713,0.001325365712172623,9.41385525304125e-05,0.0033897862989643647,0.0019761295883960355,0.0002473589847165023,0.002542524963343865,0.001051834379474719,-0.0014274301848856657,0.0014518398597967149,-2.3681449161450088e-17
JAB_LM_2467,0.004775031826127952,-0.009357784663433052,0.004167699688127407,0.003540897284226157,0.008725960861906867,0.0017997007090290301,-0.009808019316347697,-0.0004726135124302695,0.0014185790848167856,-0.0022283537294242035,-0.004790314156870031,0.015968540027794884,-0.0018148723867122847,-0.008414400966464024,-0.003890745785383255,0.002206873541887262,-0.001097612037426669,0.0017399431493924844,-0.0019406682824443812,-0.0002629695041287747,0.0032101146432057413,-0.0016574915741590377,-0.00043970562936188144,-0.00017280543072261819,0.003907120005925059,-0.0007423028800388968,-0.0008128083179549072,-0.001130612513449319,0.0024125556696683614,-0.0005450007683023417,0.000707687903861475,-0.0020884614039324923,0.00245719817181359,0.0003296984921987398,1.86242825706804e-17
JAB_LM_2487,0.007645004255317457,0.0020077754087884175,0.008145835618703938,0.002715285829816028,0.001795950763366592,-0.000979809164925204,-0.0021944394134556845,-0.005519401182652418,-0.003821116804653429,0.0061529162273972595,0.007436835516536736,0.0035934070649643025,-0.0017889210370619398,-0.0009910588340608158,0.0010952616149849574,0.0022725250109075458,-0.005056599953693216,-0.002490189187100272,-0.0038641468522241716,0.002696593743496428,0.0002943350313585898,0.00041466669125675247,0.001961384896792508,0.0022150370754559687,0.004016841552422317,0.004708197441403437,-0.003373475275676069,0.0019823345438580455,-0.0038560270572968124,0.0007148505844772667,-0.0018710812487183427,0.0024477364068396738,-0.000689588235279044,0.0013751533750917468,-1.2939899876161609e-17
JAB_LM_2508,0.0068059855426341265,-0.020150480032198364,0.009313505320768228,0.0028342932561590713,-0.013283331746184695,0.00290427542368592,-0.012343972368293807,0.005734390912663505,0.0005888494094762792,0.00916428843058008,-0.0020605512579903035,0.0018697144522947457,-0.006420981527685173,0.0013046656526036536,0.0019196967174978281,0.0019104900194636502,-0.007825031712492245,0.0009111962034394648,0.002624523998582383,0.0010517401745004536,-0.0020640779087550652,0.004156983074226682,-0.0005434265765925243,0.00032540171551502067,-0.00475846007633137,0.00046500965049361574,-0.000824044927209241,-0.0011107753940492269,-0.0014307087842718635,0.0015749741981842026,0.002632388884673175,-0.0014141189081052323,-0.0002510874711722159,-0.0010477720811887595,-2.6573401812691286e-17
JAB_LM_2569,-0.01623415927738813,-0.01042319486343037,0.00025550381666268086,-0.018026843508638257,-0.0012795275617990835,-0.001370311774784796,-0.004201476466040321,-0.006898074260391371,-0.0022995693653558753,-0.0010852359663912148,-0.002649025449985905,0.00029513365449298465,0.006195750472255902,0.006048177511035894,0.00501324757606293,0.0033699974856133195,-0.004478539469048464,0.0032000809721976224,-0.003744103595329856,-0.00488594660618224,-0.0004053611205467281,-0.0029041648334346215,-0.0023389309267708384,0.00022325279801209982,-0.0015307141837385715,0.0024362907710127214,-0.002164034054097063,-0.001610054434016853,0.0024231296210605814,-0.004260754106098976,0.0001864817522770812,0.00026849451613737165,-0.0013137155678972358,0.0003811762021117942,-1.3233948075624474e-17
JAB_LM_2625,-0.031284790868519693,-0.004965407960426548,-0.009565279730675162,0.005375115676793547,-0.0062631154878271065,-0.009450363630128421,0.0033430223569648363,0.007411850577042218,-0.006475912649773642,-0.013143494714424105,0.00728824220536403,0.0024091516845533463,0.002046640068073214,-0.0032991304563345187,0.0020023921469593652,-0.0021745746817650132,-0.0015805100690036904,-0.0065350896723365805,0.004681443342640929,-0.004244616562554586,-0.0007695550094657816,-0.00047816024996428304,0.0026837815680668545,0.0015697605469380156,0.0004015602188367099,0.002722124857298064,-0.0005308265709551582,1.2092963979792727e-05,-0.0007093401251046929,0.0005887826469561938,0.0013085120662132527,-0.00235387022478876,-0.0002595563071286708,0.0003035907008593253,-5.132167137603682e-18
JAB_LM_2652,-0.0172247272822613,-0.003015036007098791,0.0005396927735240236,-0.013657043334093785,0.0009121581347225221,0.0010504850736368391,-0.00027721025198938266,-0.0068993577514164,0.007744806208228904,-9.541760864095968e-05,0.0039778595826362876,-0.0070506597103062235,-0.005436863873390782,-0.005154040074705546,0.002236125661069505,-0.0021451505833101786,0.006172573381939719,-0.001286200627734469,-0.00048054968825224923,0.004845377569836255,-0.003664550029799503,0.0037067445216459466,0.0015962852282653095,8.539297358466278e-05,-0.0009238046438493607,0.00013730603929426442,-0.003907911006499043,0.0007332699903269161,0.0006170894276633007,-0.0031879438810869616,0.0005363611589554473,-0.0008160927757111295,0.0028700524728297724,-0.00015404482445968557,1.6443210700787993e-17
JAB_LM_2681,-0.017228320648728385,-0.003244904848074238,0.001250847267964019,-0.010082334403309605,0.0044194179799334765,0.0026518717433551275,0.0030902230604519343,0.003296274970947255,0.00728170000914547,0.003001665421556639,0.0053625404684963145,0.0004669995956409989,-0.007635503137117717,0.0032007020418555214,0.012202216634582003,0.003065209922410017,0.0012902232720182355,0.0028451363126378907,0.001437284545818719,-0.0018485334677830916,0.0024286359614071346,0.0005893953751598503,-0.0032073046392179774,0.0002872849783527505,0.00383877807465559,-0.0018450102333020212,0.0022062860695276527,0.0022779486482391565,0.0008931462232983687,0.002574471043151211,-0.0020184235506298526,-0.0015424807409621809,-0.0007192319561570146,-5.257133883995297e-05,1.1723631956796022e-18
JAB_LM_2687,-0.02345328238358186,-0.006551293129797984,-0.005205348311244633,0.010987749573510355,0.012209612742148195,0.0008511257598451691,0.008401933190438601,0.005789812920554835,0.003547159268457306,0.01169870805192339,-0.002740427255302575,0.0010686701610040964,-0.0007939747137037863,0.0035886792367840563,-0.003215203235751022,0.00042557664485992923,0.0007690038927925746,-0.007938941099376614,0.0009450062159223154,-0.0006742472163578485,0.0024899138082714076,0.0035192856106823303,-0.0014157244702765227,0.0011840444101353681,-0.0004986359263487874,-0.0011671924384583786,-0.0003399484920476494,-0.005213453409592055,0.0007092799901259976,-0.0012282069772490197,-0.0019146340128110217,0.0013400994739930158,-1.3458487156067392e-05,0.0010363097899996974,1.3792365117160786e-17
JAB_LM_2697,-0.01782383519835623,0.005553683097029692,0.013973175484164917,-0.001363746220414604,0.014042792870518557,0.0006669643588730756,0.011603187516558715,0.007256795800688684,-0.009545063753413137,-0.003989100364490577,0.00039138348678831325,-0.009262070216905003,-0.001238402654287845,-0.002377392157706128,-0.0031368423166143987,0.004637301367124696,-0.0025855003294349673,0.0037047558260473,-0.004570086767380418,0.003133121280105939,0.001476732748073359,-0.003087657323596881,-0.0031368456967144744,0.0005062484101184992,-0.000656318510145294,-0.00228771557687745,-0.0015841195519067102,-0.001186303769397953,-0.0022701357651347125,0.0015744302770670517,0.0028512851450070496,-0.0006254309954780931,0.00031956098731880813,8.753337382226298e-05,-2.0485087487065884e-17
JAB_LM_2699,-0.006947313659119074,0.01090431061424535,-0.000981447544822327,-0.014124853597671181,-0.008570003529261795,-0.0039443209332449625,-0.0011981009883641508,-0.0004304692290742537,-0.00397625545579684,0.007036640372963692,-0.0017988537439611839,0.0005591096477747395,-0.009084362485374567,-0.0028581912279060017,-0.0019335450617355165,-0.0034690832374867048,-0.00036025400552628566,-0.001116319475865869,-0.0022810160033928995,-0.0014571487337887326,-0.0038951209239219613,-0.0060050684949123235,0.005794539820910953,0.0016099841772717503,-0.0008771366692065473,-0.0028425133936701907,0.0012422998484564178,-0.001247576435062023,0.00291249763408033,0.0020453326077165272,3.585003960892923e-05,0.0013634977886906768,-0.0009839646717163027,0.0013555145537655262,-1.1895702750569561e-17
JAB_LM_2700,0.001280765154213778,0.002969093545512743,-0.0029701280133700835,-0.007623285329184293,-0.009711628502949422,0.007377824389756099,0.019864092156628595,-0.009159556621780082,0.0064981148692220755,-0.006112204156044105,-0.0022294712228768366,0.0043461486981957185,-0.0027970066866210676,-0.0017781217310594295,-0.00302252977287387,0.007794812792359338,-0.0020840568587623164,0.0006726778716546649,-0.00018968955180827352,-0.0002524649558026033,0.005204175153798349,0.0021878877592030857,0.004692161522448691,0.0006765083917285153,-0.003304628098631855,0.0008018333997863261,0.003160641537586158,0.0005820520543139689,-0.0011753143128376924,-0.0008527693582327821,4.4834057846079704e-05,0.00032601335388606276,-0.0001120582023599706,-0.00043041805242613907,-6.012136208908521e-18
JAB_LM_2701,-0.002925202604933348,0.021091865271692923,-0.008354136857615308,-0.004266709210317312,0.010922415393100056,0.00672278137683625,0.0020686704818281736,0.0020664148728590788,-0.0014009176412359914,0.006019095764408444,-0.0007294048192775839,0.002317105482389002,0.002478655138745838,0.002712833652488012,-0.0007264430781382548,-0.0034759154719755034,-0.001074453339696109,-0.002884504682880637,-0.003423638155636044,0.0059580120284264395,-0.0014804915952476509,-0.0002566129123295619,0.0005593217829119563,-0.0003545975089426115,0.000635310096510237,0.005090696220073178,0.0028501385572114366,0.0002870477569423029,0.002408096514151822,0.0003249059204084017,0.0010466233840219267,-0.002229536953623197,-0.0011645178410240303,-0.0030371352378583813,-4.334172677581693e-17
JAB_LM_2727,0.0016198499125197985,0.005501904398188378,-0.029494156007445527,-0.021462392195415157,-0.00477437120807831,-0.0014110439733319834,-0.0032741762555900554,0.0028075941240841805,-0.00025299113703357,-0.002328928473897397,0.0010038486668327844,0.004818253029799007,0.00450747756511647,-0.004095159687099014,-0.001547039624436465,0.000783469426446208,-0.001597726208392639,-0.0007061224953436798,0.004368094841488336,0.006722163082714532,0.0010334374637289495,3.5537378755047246e-05,-0.004924486804110884,-0.0036506593201486343,-0.0014912589129192765,-0.0013951522524637292,-0.0013243533179549069,1.7654651002372168e-05,-0.0004623432099075322,0.0015408985150483045,-0.0005788832878007563,0.0015321486565781964,-0.0010062206014713304,0.0012631296119081563,7.686696105442452e-18
JAB_LM_879,0.011997430439278159,0.0012680381174578702,0.001689521060953986,-0.011656182746752505,0.013584852772968952,-0.007722839435521668,0.0010453815102318906,0.012845416645202647,0.005929149642043689,0.001295343453950425,-0.00511965657451546,-0.0035295433054584116,0.005431012762700797,-0.004740520415371528,-0.004223624633880646,0.0027942441658348957,0.0009986076575073262,0.006301632455154747,0.0015101641690207874,-0.0043166940229127995,-0.00491711453753633,0.004146445812434441,0.0017665126285080742,0.0021856768990669347,-0.00042733038272412417,0.0033739644579829746,0.0009148085689175811,0.0006973043249054325,0.0002898650193883909,0.001379346476479481,-0.0017924293356278275,0.00013522173693719317,0.00020612209586701985,0.0009319432611478133,7.040432815442049e-18
